ID,q1,q4,q5,q6,qi6,q7,qi7,q8,qi8,q9,qi9,q10,qi10,q11,q12,qi12,q13,qi13,q14,qi14,q15,qi15,q16,qi16,q17,q18,qi18,q19,qi19,q20,qi20,q21,qi21,q22,qi22,q23,qi23,q24,qi24,q25,q26,qi26,q27,qi27,q28,qi28,q29,qi29,q30,qi30,q31,q32,qi32,q33,qi33,q34,qi34,q35,qi35,q36,qi36,q37,qi37,q38,q39,q40,q41,qi41,q42,q43,q44,q45,qi45,q46,qi46,q47,qi47,q48,qi48,q49,q50,qi50,q51,qi51,q52,qi52,q53,qi53,q54,qi54,q55,qi55,q56,qi56,q57,q58,qi58,q59,qi59,q60,qi60,q61,qi61,q62,qi62,q63,qi63,q64,qi64,q65,q66,qi66,q67,q68,q70,q71,q72,q73,q74,q75,q76,q77,q78,q79,q80,q81,var1,var3,var4,var6,var9,var11,customerSeniority,country
1,1,1,1,2,3,3,3,2,3,3,3,0,,1,0,3,1,2,1,2,1,3,2,2,1,1,3,4,3,3,3,2,3,1,3,1,3,5,2,1,0,,0,,0,,0,,0,,,3,,0,,0,,1,3,2,3,2,3,2,2,,,,,,1,3,1,3,2,3,2,3,2,3,2,3,3,2,3,3,1,3,1,3,2,3,1,3,2,3,2,1,3,3,2,1,3,1,3,1,3,1,3,1,,,,4,4,4,4,4,4,5,4,3,5,4,3,4,2,1,3,2,2,1,2,Benelux
2,3,4,4,4,,1,,3,,4,,,,4,3,,1,,5,,4,,4,,3,3,,3,,3,,2,,3,,1,,4,,3,,,,,,,,,,,,3,,,1,,1,5,,2,,,1,3,2,,,,,,1,3,,4,,,1,1,,3,5,,3,,4,,2,,2,,4,,2,,3,5,,3,,3,,1,,1,,1,,4,,3,,,,7,4,3,4,4,4,4,3,4,3,3,,4,2,1,2,2,2,6,2,Benelux
3,4,3,2,4,3,2,3,3,3,5,3,,,4,1,3,2,2,2,3,3,3,5,3,3,3,3,5,3,3,3,4,3,5,3,3,3,4,3,4,5,3,5,3,5,3,1,3,4,3,4,3,2,3,3,0,,5,3,4,2,0,,4,2,,,,,2,1,4,2,5,3,2,3,1,2,4,4,3,4,3,4,3,0,,1,3,5,2,4,3,4,4,3,3,3,4,3,3,3,4,3,1,3,4,3,3,,,,2,4,5,5,4,4,5,3,5,5,4,2,,2,5,3,4,1,5,4,UK
4,3,4,4,3,3,2,2,2,3,2,3,0,,3,4,2,4,2,4,2,3,2,4,2,4,2,,2,,3,,4,,2,,2,,2,2,2,4,3,4,3,3,3,0,,4,,3,4,,3,,0,,0,,2,,2,,3,1,2,2,,2,,1,2,2,3,,,,,,3,3,,4,,4,,3,,3,,4,,2,,4,0,,2,,3,,2,,2,,2,,3,,2,,,,12,,,,,,,,,,,,,2,3,1,3,2,2,3,Germany
5,5,4,4,5,3,5,3,4,3,4,3,4,3,4,5,3,5,3,5,3,5,3,5,3,5,5,3,5,3,5,3,4,3,4,3,4,3,5,3,4,0,,0,,0,,0,,0,,,4,3,4,3,,,3,3,3,3,3,3,3,2,,,,,3,1,4,3,3,3,3,3,3,3,3,3,3,5,3,3,3,3,3,3,3,5,3,5,3,4,4,3,4,3,3,3,4,3,2,3,2,3,4,,3,,,,3,5,5,3,5,5,5,4,5,4,3,5,5,2,3,3,2,1,1,2,Germany
6,4,4,4,5,3,5,3,3,3,4,3,0,,4,4,3,4,1,4,2,4,3,4,2,4,5,3,5,3,4,2,5,3,4,3,4,3,5,3,5,0,,0,,0,,0,,0,,3,2,3,2,3,0,,4,3,4,3,4,3,3,2,,,,,4,1,3,1,5,3,3,1,1,1,5,5,3,5,3,5,3,5,3,5,3,5,3,5,3,5,5,3,4,3,5,3,3,3,0,,0,,4,3,4,,,,10,3,4,3,4,4,3,3,3,4,5,2,4,2,3,1,5,2,7,5,Germany
7,4,4,3,0,3,4,1,0,3,0,3,0,3,4,0,3,2,2,0,3,4,2,4,2,3,5,3,5,3,4,2,5,3,4,3,4,3,5,1,4,5,3,4,3,4,3,0,,0,,4,2,3,5,2,0,,5,3,1,3,1,3,4,2,,,,,4,1,2,2,5,3,2,3,2,3,3,5,2,5,2,5,2,4,2,4,2,5,2,2,2,5,4,2,3,3,5,2,2,3,3,2,3,2,3,3,3,,,,11,,1,4,,,,,,,,,,2,3,3,3,3,2,3,Germany
8,3,4,4,3,3,4,3,4,3,4,3,4,3,4,4,3,4,3,4,3,4,3,4,3,4,4,3,4,3,4,3,4,3,4,3,4,3,4,3,4,4,3,4,3,4,3,4,3,4,3,4,4,3,4,3,3,3,3,3,4,3,4,3,4,2,,,,,3,1,3,3,2,3,3,3,3,3,3,4,2,4,2,4,2,3,2,3,3,4,3,4,3,4,4,3,3,3,4,3,3,3,3,3,2,3,4,3,3,4,3,3,11,,,,,,,,,,,,,2,3,2,1,2,1,1,Germany
9,3,4,4,4,3,3,2,4,3,3,3,0,,3,4,3,2,3,4,3,4,3,4,3,4,3,3,4,3,4,3,4,3,3,3,2,3,5,3,3,0,,0,,0,,0,,0,,,2,3,0,,0,,5,3,3,3,3,3,3,2,,,,,,2,,,,,,,,,,5,,5,,5,,0,,3,,4,,3,,4,4,3,4,3,4,2,2,3,0,,2,3,4,,3,,,,11,,,,,,,,,,,,,2,2,1,5,2,3,5,France
10,3,2,2,4,3,3,1,3,3,3,2,0,,3,0,,5,1,0,,3,1,0,,3,1,3,5,3,0,,5,3,0,,3,3,3,2,4,0,,0,,0,,0,,0,,3,0,,0,,0,,0,,0,,0,,3,2,,,,,3,1,2,1,5,3,2,1,,,4,5,2,5,3,3,3,0,,0,,0,,0,,4,0,,2,3,0,,1,3,0,3,1,3,2,2,2,,,,1,4,4,4,4,5,5,,5,5,4,3,,2,3,1,4,2,5,4,Germany
11,4,4,3,4,,4,,3,3,2,3,,,1,0,,5,1,5,2,4,2,4,2,4,4,3,4,3,4,3,4,,4,3,3,3,5,3,3,4,,4,,4,,4,,4,,4,4,,4,,,,4,,4,,4,,4,2,,,,,4,2,,,,,,,,,,4,,4,,4,,4,,4,,4,,4,,4,4,,4,,4,,4,,2,,2,,1,,2,,,,10,4,3,,4,3,4,4,4,3,4,4,4,2,3,1,5,3,1,5,Germany
12,2,3,3,2,3,4,3,2,3,2,3,,,3,1,3,5,3,3,3,3,3,3,3,3,2,3,2,3,3,3,3,3,1,3,1,3,4,3,1,3,3,3,3,3,3,3,3,3,3,,4,3,3,3,3,2,3,3,3,3,3,3,3,1,1,4,3,,3,1,3,3,4,3,3,3,4,3,4,3,3,3,3,3,3,3,3,2,3,4,3,4,3,3,4,3,2,3,4,3,2,3,3,2,2,3,4,3,2,,,,4,4,4,3,4,4,5,4,3,4,3,3,,2,3,4,3,2,2,3,Germany
13,3,3,4,4,,3,,3,,2,,,,3,3,,3,,3,,3,,3,,3,3,,4,,4,,4,,3,,3,,3,,3,4,,4,,3,,4,,3,,3,3,,3,,3,,4,,3,,3,,3,2,,,,,3,2,,,,,,,,,,3,,3,,2,,3,,3,,4,,3,,3,3,,3,,3,,3,,3,,3,,3,,3,,,,12,3,2,2,2,,,,,,,,,2,3,2,3,3,4,3,Germany
14,1,2,2,4,,3,,4,,2,,0,,3,1,,1,,1,,2,,2,,1,1,,2,,2,,3,,2,,2,,5,,2,3,,3,,4,,4,,4,,3,3,,3,,,,4,,2,,,,3,1,,,,,3,1,3,,3,,3,,2,,3,3,,3,,3,,1,,3,,4,,1,,3,4,,2,,4,,,,,,1,,4,,2,,,,5,4,4,4,3,4,4,3,3,3,4,4,,2,1,4,3,1,3,3,Benelux
15,4,4,4,3,3,4,3,2,3,5,3,3,,3,4,3,2,,4,3,3,3,2,,4,4,3,4,3,5,3,5,3,5,3,3,3,5,3,4,4,,4,,4,,4,,0,,4,0,,0,,0,,3,3,4,3,0,,3,2,,,,,3,2,,,,,,,,,,4,,3,,1,,4,,4,,4,,5,,4,4,,3,,3,,4,3,0,,0,,3,,3,3,3,4,11,,,,,,,,,,,,,2,6,,1,3,5,1,Israel
16,3,4,4,2,3,4,2,3,3,4,3,3,,3,5,2,5,3,5,3,4,2,4,2,5,4,3,5,3,3,3,4,3,3,3,3,3,5,2,4,0,,0,,0,,0,,0,,,3,2,0,,0,,5,3,4,2,0,,4,2,,,,,,1,2,3,3,2,,,,,3,0,,0,,0,,3,3,2,3,3,2,3,2,3,3,3,2,3,2,3,1,3,2,3,1,3,4,3,2,,,,12,,,,,,,,,,,,,2,1,3,2,1,1,2,Benelux
17,4,5,5,4,3,4,3,5,3,5,3,4,3,4,4,3,5,3,5,3,5,3,5,1,5,3,3,4,3,4,2,4,3,3,3,3,3,4,2,4,4,3,3,2,4,3,5,3,4,3,4,3,3,4,,3,,5,3,5,3,4,,4,2,,,,,3,1,4,2,4,3,4,3,,,4,4,2,4,2,4,2,0,,0,,4,2,4,3,4,5,3,5,3,5,3,5,3,0,,5,3,5,3,5,5,3,4,4,4,4,1,4,3,3,3,3,3,3,3,3,2,5,,1,1,1,1,UK
18,4,4,4,4,3,0,2,4,2,4,3,0,,5,4,3,3,2,2,2,3,2,0,,4,4,3,4,3,3,2,4,3,3,3,3,3,5,2,5,4,3,3,3,4,3,4,2,3,3,4,3,2,3,,0,,3,3,0,,1,2,3,2,,,,,3,1,4,2,5,3,4,2,1,2,4,4,2,3,2,3,2,0,,0,,4,2,2,2,4,3,2,4,2,3,2,4,3,0,,0,,4,3,4,5,3,5,2,3,3,3,4,3,3,2,,3,2,2,3,2,5,,1,3,2,1,UK
19,4,,5,4,3,4,3,4,3,4,3,,,5,5,3,,,5,3,5,3,5,3,5,3,3,4,3,3,3,1,3,1,3,1,,4,3,2,,,,,,,,,,,,4,3,3,1,3,1,,,5,3,5,3,,2,,,,,5,1,4,3,5,3,4,3,2,2,,3,3,4,3,3,3,,,3,3,4,3,3,3,4,4,3,4,3,3,3,,,2,2,,,4,3,3,,,,10,5,2,2,,,,,,,,,,2,5,3,3,1,2,3,UK
20,3,3,3,2,3,3,3,5,3,1,3,3,3,2,1,3,5,3,5,3,2,2,2,3,3,3,3,5,3,4,3,1,3,2,3,1,3,5,3,2,4,3,4,3,4,3,4,3,4,3,4,2,3,2,2,4,2,2,3,2,3,2,3,2,1,1,1,3,1,1,2,,,,,,,,,,5,2,4,3,1,3,3,3,3,3,5,3,,,4,2,3,1,3,2,3,1,3,1,3,2,3,3,3,2,,,,4,4,3,4,3,4,4,3,3,3,3,3,3,2,3,4,2,1,1,2,Germany
21,4,4,5,4,3,4,3,3,3,4,3,4,3,4,4,2,3,2,4,2,3,2,3,2,4,3,3,4,3,4,3,5,3,2,3,4,3,5,3,5,4,3,3,3,4,3,5,3,4,3,4,4,2,4,2,,,5,3,5,2,5,2,4,2,,,,,3,1,4,2,5,3,3,2,5,3,4,5,1,5,2,3,2,3,2,3,2,4,2,4,2,4,5,3,3,3,5,3,4,3,3,2,3,2,5,3,3,4,3,5,12,,,,,,,,,,,,,2,3,1,1,2,1,1,Germany
22,4,4,4,5,3,4,3,5,3,4,3,5,3,4,3,3,3,3,4,3,4,3,4,3,4,2,3,5,3,5,3,4,3,1,3,1,3,4,3,1,4,3,4,3,4,3,5,3,0,,4,3,3,3,3,0,,4,3,4,3,0,,4,2,,,,,4,1,4,3,4,3,4,3,,,4,4,3,4,3,4,3,1,3,4,3,4,3,4,3,4,4,3,3,3,4,3,2,3,2,3,1,3,3,3,1,4,3,4,11,,,,,,,,,,,,,2,5,3,1,2,1,1,UK
23,4,4,4,5,3,3,3,4,2,5,3,4,2,5,0,3,0,2,0,,0,,0,,,2,3,3,3,3,3,4,3,3,3,4,3,4,3,4,0,,0,,0,,0,,0,,,3,3,4,3,0,,5,3,2,3,2,3,3,1,2,2,3,2,3,1,,,5,3,4,2,,,4,0,,0,,0,,0,,0,,0,,0,,3,0,,0,,0,,0,,0,,0,,0,,3,5,3,5,7,3,4,2,3,3,2,4,4,3,3,3,2,2,1,3,1,1,5,1,Benelux
24,4,4,4,4,3,4,3,3,3,3,3,,,4,4,2,4,3,4,3,4,3,4,3,,4,3,4,3,4,3,4,3,4,3,4,3,4,3,4,,,,,,,,,4,3,4,3,3,3,2,,,3,3,,,,,4,1,2,1,1,1,1,,3,2,4,3,3,2,1,1,3,4,3,4,2,4,3,4,2,3,3,4,3,4,3,3,,,,,,,,,,,,,,,,,,,,,,,,,,,,,,,,2,3,3,5,2,2,5,Germany
25,1,2,3,2,3,5,3,2,3,5,3,,,4,1,2,1,2,1,2,0,,0,,1,4,3,5,3,4,2,4,2,2,2,3,2,5,2,2,0,,0,,5,2,4,2,4,3,4,2,3,2,2,1,2,0,,4,2,4,2,3,2,,,,,4,1,2,1,4,2,2,1,,1,2,3,2,4,1,4,1,1,1,1,3,5,1,2,2,2,5,2,2,3,5,2,1,3,1,1,3,2,5,3,3,,,,6,4,4,3,4,4,5,3,3,4,4,,,2,3,3,5,1,1,5,Germany
26,2,2,1,1,1,2,1,1,1,1,1,,,2,1,,2,,1,,1,,2,,2,1,,3,,3,,2,,1,,1,,3,,2,2,,3,,2,,2,,2,,2,2,,2,,2,,2,,1,,1,,2,1,1,1,,1,1,1,2,,2,,2,,1,,2,1,,1,,1,,1,,1,,1,,1,,1,1,,2,,1,,2,,2,,2,,1,,2,,,,1,5,4,4,4,5,5,4,4,4,4,4,4,2,1,1,4,3,1,4,Benelux
27,4,4,4,4,3,5,3,4,3,3,3,5,3,4,5,3,4,2,5,3,5,3,5,2,4,3,3,4,3,3,2,4,3,3,3,4,3,5,2,4,5,3,4,2,4,2,4,3,4,3,4,3,2,4,3,4,2,4,3,3,3,3,3,4,1,1,4,3,4,4,1,5,2,5,3,4,2,4,2,4,3,1,4,3,4,3,4,3,4,2,5,3,3,3,4,4,3,4,3,4,3,3,2,3,1,3,2,5,3,4,3,3,4,5,3,2,2,,,,,,,,,,2,3,,1,2,6,1,Germany
28,4,4,4,3,2,4,2,4,2,4,2,3,1,3,1,2,2,2,2,2,1,2,2,2,1,2,2,4,2,4,2,4,2,3,2,1,2,4,2,2,4,2,4,2,4,2,0,,4,2,4,4,2,4,1,0,,3,2,3,2,3,2,3,2,,,,,,2,,,,,,,,,,4,1,4,1,3,1,2,2,2,2,3,1,2,1,2,3,1,2,2,3,2,2,2,0,,1,2,3,2,2,,,,4,4,4,,4,4,4,4,4,4,4,4,4,2,1,1,2,2,1,2,Benelux
29,,,,2,,2,,4,,2,,,,3,3,,3,,4,,4,,0,,4,1,,1,,1,,1,,1,,1,,5,,2,4,,4,,4,,4,,4,,4,1,,3,,1,,2,,0,,4,,,,,,,,,2,,,,,,,,,,3,,3,,3,,1,,1,,4,,1,,3,2,,2,,3,,2,,0,,0,,3,,2,,,,2,4,4,5,4,4,5,3,3,3,5,3,,2,1,4,3,2,1,3,Benelux
30,3,3,3,0,,0,,0,,0,,0,,,0,,0,,0,,0,,0,,4,0,,0,,0,,0,,0,,0,,0,,3,0,,0,,0,,0,,0,,4,3,3,3,3,3,3,3,3,0,,0,,3,2,,,,,3,1,3,3,3,3,2,3,2,3,3,3,3,2,3,2,3,2,3,2,3,3,3,2,3,,3,3,3,3,3,3,3,3,3,3,3,3,3,3,,2,,3,4,4,4,2,3,3,3,3,3,3,3,3,3,2,3,1,1,1,1,1,Germany
31,4,3,4,3,3,3,3,2,3,4,3,0,,3,4,3,2,2,1,3,4,3,4,3,3,5,3,5,3,5,3,5,3,1,3,3,3,5,3,2,4,3,5,3,4,3,4,3,3,3,4,1,3,3,3,0,,4,3,3,3,0,,3,1,2,4,3,4,4,1,4,2,5,3,5,2,1,3,3,5,1,4,3,3,3,4,3,4,3,5,2,5,3,3,4,3,2,3,4,3,0,,0,,2,3,4,3,3,,,,5,4,3,1,3,4,4,3,2,5,4,3,,2,1,1,3,2,1,3,Benelux
32,3,4,5,3,3,3,3,4,3,5,3,,,4,3,3,5,3,4,2,4,3,4,2,3,3,3,4,3,3,2,4,3,4,3,3,3,5,2,4,3,3,3,3,4,3,4,3,4,3,4,3,2,4,3,0,,5,3,4,3,0,,4,2,,,,,3,1,5,3,5,3,3,2,5,3,5,4,3,5,3,3,3,4,3,5,3,5,3,4,3,4,3,3,3,3,2,3,4,3,2,3,1,3,5,3,3,,,,1,5,5,3,5,5,3,,3,4,4,4,5,2,5,1,4,1,2,4,UK
33,3,2,1,3,3,3,3,4,3,1,3,0,,3,4,2,3,3,5,2,3,2,5,3,4,4,3,4,3,3,3,5,3,4,3,4,3,3,3,4,5,2,5,2,5,2,0,,5,2,4,4,3,0,,0,,5,3,1,3,0,,4,2,,,,,1,1,2,3,5,3,3,1,1,3,3,5,2,5,2,5,3,1,2,1,3,4,2,4,2,3,5,3,1,3,5,2,1,2,0,,1,3,3,3,1,,,,,,,,,,,,,,,,,2,3,3,2,2,1,2,Germany
34,4,5,2,5,3,5,3,4,3,4,3,3,3,4,1,3,1,3,1,3,3,3,5,3,2,4,3,5,3,4,3,5,,4,3,3,3,5,2,4,0,1,0,1,0,1,0,1,0,1,1,5,3,3,3,0,,2,3,5,3,5,3,4,2,,,,,3,1,4,2,4,2,4,2,2,2,3,4,3,3,3,3,3,3,3,3,3,4,3,3,3,3,3,3,2,3,3,3,2,3,3,3,2,3,4,3,3,,,,12,3,,,,,,,,,,,,2,2,3,4,2,1,4,France
35,4,4,5,5,3,3,2,4,3,4,2,,,4,5,2,4,2,5,2,5,2,5,2,5,5,3,5,3,4,2,4,3,4,2,5,3,5,3,5,5,3,4,2,4,3,5,3,5,3,5,3,2,0,,5,3,5,3,0,,4,3,4,2,,,,,3,1,3,2,5,3,5,2,2,1,4,5,2,5,2,5,2,5,2,5,2,5,2,5,2,5,5,3,3,3,5,3,2,3,3,3,3,3,5,3,3,,,,11,,,,,,,,,,,,,2,2,1,3,,2,3,France
36,,,,,,,,,,,,,,,,,,,,,,,,,,,,,,,,,,,,,,,,,,,,,,,,,,,,,,,,,,,,,,,,,,,,,,,,,,,,,,,,,,,,,,,,,,,,,,,,,,,,,,,,,,,,,,,,,,,,,,,,,,,,,,,2,2,,1,,1,1,France
37,2,2,1,4,,4,,1,,2,,4,,2,2,,1,,1,,3,,1,,2,1,,3,,4,,2,,4,,1,,5,,2,5,,5,,5,,4,,4,,4,2,,1,,1,,1,,3,,2,,2,2,,,,,4,2,,,,,,,,,,5,,5,,5,,5,,2,,3,,3,,3,5,,3,,4,,2,,2,,2,,3,,3,,,,1,,,,,,,,,,,,,2,1,3,3,,1,3,Benelux
38,4,4,3,3,3,4,3,4,3,5,2,,,5,5,3,3,3,5,3,4,3,3,2,4,5,3,5,3,5,3,5,3,5,3,5,3,5,3,5,5,3,5,3,5,3,5,3,3,3,,3,3,3,3,3,3,5,3,5,3,0,,4,2,,,,,,2,,,,,,,,,,5,2,3,3,1,3,4,3,5,3,5,3,5,3,5,5,3,3,3,5,3,5,3,1,3,3,3,4,3,3,,,,4,5,5,5,5,5,5,3,3,4,3,4,5,2,6,,5,2,1,5,Israel
39,2,3,5,4,3,2,3,4,3,4,3,0,,4,4,2,5,2,5,3,4,2,4,2,5,2,3,3,3,3,3,2,3,3,3,2,3,4,3,3,3,2,3,2,4,2,3,2,3,2,3,3,1,3,1,2,1,4,1,2,1,2,1,3,1,1,1,3,1,3,1,,,,,4,2,2,1,3,3,2,2,2,2,2,3,2,3,2,3,2,1,2,3,4,3,3,2,5,2,3,2,2,2,3,2,5,3,3,,,,3,3,3,3,4,4,,,,,,,,2,1,3,2,1,1,2,Benelux
40,3,3,4,5,3,4,2,3,3,3,3,0,,4,2,3,4,2,4,3,3,2,3,2,3,3,3,4,3,3,3,5,3,4,3,3,3,5,3,4,4,2,4,2,4,2,0,,0,,4,4,3,3,2,2,2,4,3,3,3,0,,3,1,1,2,3,1,2,1,4,2,5,3,3,2,,,3,4,3,4,3,3,3,2,3,4,3,4,3,4,3,3,4,3,4,3,4,3,2,3,1,3,2,3,4,3,3,,,,7,4,5,5,4,3,4,3,3,3,4,3,3,2,5,3,2,1,1,2,UK
41,1,2,2,3,2,3,3,1,3,4,2,0,,2,2,3,1,1,4,2,2,3,2,2,2,1,3,1,3,1,2,3,3,1,3,1,3,1,3,1,5,3,4,2,4,3,5,3,4,2,4,3,2,4,3,0,,0,,2,3,2,3,3,2,,,,,3,1,1,3,3,3,,,2,3,2,1,2,1,2,1,3,2,3,1,3,4,3,1,3,2,2,3,1,3,3,2,1,3,2,1,,3,1,2,2,,,,11,,,,,,,,,,,,,2,3,1,2,3,1,2,Germany
42,3,3,2,4,3,3,2,4,3,4,3,0,,4,0,,0,,0,,0,,0,,3,3,3,4,3,3,3,4,3,4,3,3,3,4,3,4,0,,0,,0,,0,,0,,3,3,3,3,2,0,,4,3,3,3,3,3,3,2,,,,,3,1,3,2,4,3,,,,,3,3,2,3,2,3,2,1,2,3,3,4,2,3,3,3,3,2,2,3,3,2,2,2,0,,3,3,3,3,3,,,,,,,,,,,,,,,,,2,5,1,5,1,2,5,UK
43,3,3,3,4,2,3,2,2,2,3,2,0,,3,0,,2,,2,,0,,0,,2,2,,4,,0,,2,,2,,2,,4,,2,0,,0,,0,,0,,0,,,0,,0,,,,4,,4,,4,,,2,,,,,,,,,,,,,,,,0,,0,,0,,0,,0,,0,,0,,,0,,0,,0,,0,,0,,0,,0,,,,,,,,,,,,,,,,,,,2,5,1,5,,5,5,UK
44,4,4,4,3,3,3,3,0,,0,,,,4,3,3,1,3,3,3,4,3,2,3,2,0,,0,,0,,0,,0,,0,,4,3,3,4,,4,,4,,4,,4,,4,3,3,3,3,,,4,3,4,3,,3,4,2,,,,,3,2,,,,,,,,,,4,2,4,3,4,3,3,3,3,3,4,3,4,3,3,3,3,3,3,3,3,3,3,3,3,3,3,3,3,3,,,,6,5,5,4,4,4,4,4,4,4,4,4,4,2,5,4,4,1,2,4,UK
45,4,4,4,4,3,3,2,2,3,3,3,4,3,4,3,2,3,1,3,1,3,1,3,1,2,2,3,4,3,4,3,1,3,4,3,3,3,5,3,3,4,3,3,3,3,3,3,2,3,2,3,3,3,3,1,2,1,4,3,3,1,3,1,3,2,,,,,3,2,,,,,,,,,,4,1,4,1,3,3,1,3,1,2,4,2,1,2,3,4,2,3,3,4,2,2,3,1,1,3,2,3,3,3,1,3,1,,,,,,,,,,,,,,2,5,2,1,1,1,1,UK
46,4,5,4,4,3,4,3,4,3,3,3,,,4,5,3,4,2,5,3,4,2,4,2,4,3,3,4,3,4,3,2,3,2,2,3,3,5,3,3,0,,0,,0,,0,,0,,,0,,4,2,0,,4,3,4,3,3,3,3,1,1,3,3,3,4,,4,2,4,3,4,2,3,1,4,4,2,4,3,4,2,4,3,4,3,5,3,4,3,4,5,3,3,3,5,3,3,3,0,,3,3,4,2,3,,,,2,4,4,3,4,3,4,3,4,,,,,2,3,2,3,3,3,3,Germany
47,3,3,4,4,3,4,3,4,3,3,3,0,,4,3,2,2,2,3,3,3,2,3,3,3,4,3,4,3,3,3,3,3,3,3,3,3,4,3,3,4,3,4,3,4,3,3,3,4,3,4,3,3,4,3,0,,2,3,2,3,0,,3,2,,,,,1,1,3,2,3,3,2,2,3,2,3,5,2,5,2,5,2,5,2,0,,5,2,0,,5,4,2,3,3,4,3,3,3,3,3,2,3,3,3,3,,,,11,,,,,,,,,,,,,2,5,1,2,3,3,2,UK
48,4,3,2,0,3,2,3,4,3,2,,,,4,2,3,2,3,3,3,4,3,4,3,3,3,3,3,3,3,3,2,3,0,,2,3,5,3,4,4,3,5,3,0,,4,3,,,4,4,3,4,3,,,4,3,2,3,4,3,4,1,,3,3,4,3,1,5,,5,,3,,5,,4,3,,3,,3,,3,,2,,3,,3,,,,,,,,,,,,,,,,,,,,,9,,,,,,,,,,,,,2,5,3,2,2,3,2,UK
49,4,4,4,4,3,3,2,4,3,4,3,4,3,4,4,2,4,1,4,2,5,3,4,2,4,4,3,4,3,4,3,4,3,3,2,2,3,4,1,4,5,3,4,3,4,3,2,1,4,3,3,3,3,3,2,0,,4,3,4,3,0,,4,2,,,,,3,1,,,5,3,,,,,4,1,2,4,2,4,2,0,,0,,4,2,2,1,4,1,2,3,2,1,2,3,2,1,2,2,3,4,3,2,5,3,5,5,3,3,2,3,3,2,2,4,3,2,1,,2,5,2,1,1,2,1,UK
50,2,3,4,5,2,4,3,5,3,4,2,4,3,4,2,3,4,1,3,1,4,2,4,3,4,2,3,4,3,1,3,1,3,1,3,1,3,4,1,1,4,2,4,2,4,2,4,2,4,2,,2,3,1,3,0,,2,2,0,,0,,,2,,,,,4,1,3,2,4,2,,,,,4,4,2,4,2,4,2,4,2,0,,0,,4,,4,2,,1,,3,,0,,0,,0,,5,,2,2,,3,4,5,5,3,5,5,5,5,5,4,5,2,,2,5,1,1,2,1,1,UK
51,4,2,2,2,3,2,2,1,3,4,3,0,,2,1,3,1,3,1,2,1,2,1,2,1,4,3,4,3,4,3,4,3,4,3,4,3,4,3,4,0,,0,,0,,0,,0,,,4,3,0,,0,,4,3,3,2,3,2,4,2,,,,,,1,3,2,4,3,,,,,3,5,2,4,2,3,2,2,2,2,2,4,2,2,2,3,2,3,1,3,2,3,2,3,0,,2,3,2,3,2,,,,12,,,,,,,,,,,,,2,5,1,5,2,1,5,UK
52,3,4,4,4,,3,,4,,4,,4,,4,4,,4,,4,,4,,4,,5,2,,3,,3,,2,,2,,1,,3,,2,4,,4,,4,,5,,0,,3,3,,3,,0,,2,,2,,2,,2,2,,,,,1,1,3,,2,,2,,2,,3,3,,1,,2,,1,,1,,2,,2,,2,3,,3,,3,,3,,3,,3,,3,,3,3,,4,11,,,,,,,,,,,,,2,5,,1,3,2,1,UK
53,3,3,4,3,2,3,2,3,2,3,2,0,,3,4,2,3,2,2,1,3,2,3,2,3,3,2,3,2,3,2,4,3,3,2,3,2,4,3,3,4,2,3,2,2,3,3,2,3,2,3,3,2,3,2,0,,4,3,3,2,3,2,3,2,,,,,3,1,3,2,4,3,3,2,3,2,3,3,2,3,2,3,2,3,2,3,2,3,2,3,2,,3,2,3,2,3,2,3,2,3,2,2,1,3,2,3,,,,11,,,,,,,,,,,,,2,5,1,5,3,2,5,UK
54,2,3,4,2,3,2,2,2,3,2,2,,,2,3,3,4,1,4,1,3,2,3,3,3,2,3,4,3,4,3,3,3,2,3,2,3,3,3,3,0,,0,,0,,0,,0,,3,3,3,4,1,3,1,3,3,2,2,2,2,3,2,,,,,,1,4,2,4,3,4,2,2,3,3,3,2,3,3,3,3,2,3,2,3,4,3,2,2,2,4,3,1,3,4,3,1,3,0,,1,3,1,3,2,,,,,,,,,,,,,,,,,2,5,1,2,3,1,2,UK
55,4,4,3,4,3,4,3,4,3,4,3,0,,4,0,,0,,0,,0,,0,,,4,3,4,3,4,3,2,3,4,3,2,3,4,3,3,5,3,5,3,5,3,4,3,4,3,4,4,2,4,2,3,2,4,3,4,3,4,3,4,1,2,4,3,4,,2,,,,,,,,,,4,2,4,2,4,2,4,2,4,2,4,2,4,2,4,4,3,4,3,4,3,4,3,0,,4,2,4,2,4,,,,1,4,4,4,4,4,4,,4,,,,,2,5,4,2,2,3,2,UK
56,2,3,3,5,3,5,3,3,3,5,3,0,,4,2,3,1,3,1,3,0,,0,,1,5,3,5,3,5,3,5,3,0,,4,3,5,3,5,5,,0,,0,,0,,0,,,0,,2,3,0,,0,,4,3,0,,3,1,,,,,3,1,3,3,2,3,3,3,,,3,5,,5,,5,,0,,1,3,2,,4,3,,1,3,3,3,3,3,3,3,0,,0,,0,,,,,,10,4,4,4,4,2,4,,4,4,3,,,2,3,1,4,3,1,4,Germany
57,4,4,3,3,3,4,2,2,3,3,3,0,,3,2,3,4,2,4,2,4,2,3,2,4,3,3,4,3,4,2,4,3,3,1,3,3,4,3,4,0,,0,,0,,0,,0,,3,,,0,,0,,2,3,0,,0,,3,,,,,,,2,,,,,,,,,,3,1,3,1,3,1,3,1,3,1,3,1,3,1,3,3,2,3,2,3,3,0,,0,,2,3,2,3,3,,,,2,4,4,3,4,4,2,3,3,3,3,4,3,2,3,2,3,3,1,3,Germany
58,3,3,3,4,3,5,3,3,3,3,2,4,3,4,4,3,3,3,3,3,2,3,2,3,3,2,3,3,3,3,3,4,3,3,2,2,3,4,3,4,4,3,3,3,3,3,3,3,3,3,3,4,3,3,3,0,,0,,3,3,3,3,3,1,2,3,3,3,3,1,3,3,4,3,2,3,2,3,2,4,3,4,3,2,3,4,3,4,3,4,3,4,3,4,3,3,3,2,3,3,3,2,3,3,0,,3,3,3,3,3,3,4,4,3,3,4,5,5,5,5,4,5,4,5,2,3,2,1,1,3,1,Germany
59,3,3,3,3,3,3,3,3,3,3,3,2,3,3,2,2,2,3,2,2,2,3,3,3,2,4,3,4,2,3,2,3,3,3,2,3,2,5,2,3,4,3,4,3,4,3,4,3,4,3,4,3,2,3,2,4,2,4,2,4,2,4,2,4,2,,,,,3,1,4,2,4,2,4,2,4,2,4,5,1,5,1,5,1,0,,0,,5,1,3,2,4,2,3,2,3,5,2,2,2,0,2,3,2,2,3,2,3,3,4,4,5,5,3,5,5,5,5,3,5,3,3,5,2,3,,1,3,7,1,Germany
60,2,1,3,4,3,4,3,4,3,4,2,4,3,4,2,3,3,3,1,3,4,3,4,3,3,3,3,3,3,2,3,2,3,4,3,2,3,4,3,3,4,3,4,3,3,3,2,3,2,3,3,4,3,4,3,1,3,2,3,4,3,4,3,3,2,,,,,,1,3,2,5,3,2,2,2,2,3,4,2,4,3,4,3,2,3,3,2,3,2,3,2,,4,2,4,3,4,3,3,2,0,,2,3,3,3,3,2,3,1,8,5,5,,5,5,5,5,,4,4,4,5,2,1,2,1,2,1,1,Benelux
61,3,3,3,4,3,4,3,4,3,2,3,3,3,3,3,3,4,3,4,3,2,3,3,2,4,3,3,3,3,4,3,2,3,1,3,1,3,3,3,2,4,3,3,3,2,3,2,2,2,,2,0,,0,,0,,0,,0,,0,,,1,1,4,3,4,1,1,4,2,5,3,5,2,,,4,,,,,,,,,,,,,,,,3,2,3,2,3,2,3,2,0,,1,3,4,3,3,,,,10,4,4,3,4,4,4,3,3,3,3,2,,2,5,4,2,1,2,2,UK
62,2,2,4,4,3,2,3,1,3,1,3,0,,2,1,3,1,3,4,2,1,1,4,1,2,1,3,3,3,3,2,1,2,1,3,1,3,1,3,1,0,,0,,0,,3,3,1,,2,1,,1,,0,,1,,0,,1,,1,2,,,,,1,2,,,,,,,,,,1,,3,,4,,4,,1,,3,,1,,2,1,,1,,3,,1,,0,,1,,1,,1,,,,12,,,,,,,,,,,,,2,5,2,4,,1,4,UK
63,1,1,2,3,3,1,3,3,3,4,3,0,,3,0,,1,3,0,,0,,0,,1,4,3,4,3,4,3,4,3,4,3,3,3,4,3,4,0,,0,,0,,0,,0,,,3,3,0,,0,,5,3,3,3,0,,3,2,,,,,2,1,3,3,4,3,4,3,2,1,3,2,2,4,2,4,2,0,,1,3,3,3,3,3,2,4,3,4,3,4,3,2,3,0,,1,3,3,3,1,,,,10,4,5,5,5,5,3,4,4,4,4,4,5,2,5,2,2,1,1,2,UK
64,1,1,1,3,3,2,3,3,3,1,3,,3,1,1,3,1,3,1,3,,3,,3,1,1,3,2,3,2,3,1,3,1,3,1,3,4,3,1,0,,0,,0,,0,,0,,,0,,0,,0,,4,3,4,3,0,,3,2,,,,,,1,2,3,4,3,2,2,1,1,2,3,3,5,3,5,3,2,3,1,3,4,3,2,3,2,2,3,2,3,4,3,1,3,2,3,1,3,1,3,1,,,,,,,,,,,,,,,,,2,5,1,3,,1,3,UK
65,3,1,3,3,2,3,2,3,3,3,3,3,3,3,1,3,3,2,3,2,3,2,3,2,3,2,3,3,3,3,3,4,2,3,3,1,3,4,3,3,4,2,4,2,4,2,4,2,,,4,3,2,2,3,,,3,2,2,3,,,2,2,,,,,3,1,,1,3,2,3,2,3,2,3,3,2,3,2,4,2,2,2,1,2,3,2,1,2,2,4,2,3,3,4,2,2,3,3,2,2,3,3,3,3,,,,2,3,3,3,3,4,5,4,3,4,4,3,5,2,1,3,5,2,1,5,Benelux
66,4,5,5,4,3,3,2,3,2,3,3,4,2,4,4,3,3,2,4,3,4,3,3,2,5,3,3,5,3,5,3,2,2,2,3,2,2,4,2,3,3,3,3,2,4,3,3,2,4,3,3,3,2,3,2,2,1,2,2,4,2,4,3,3,1,1,3,2,3,2,1,2,2,2,1,3,2,2,1,2,4,3,4,3,3,2,3,2,4,3,4,2,5,3,4,3,2,3,3,3,3,3,2,2,1,3,2,4,3,3,,,,11,,,,,,,,,,,,,2,3,4,5,2,2,5,Germany
67,4,4,4,3,3,5,3,4,3,3,3,4,3,4,4,3,2,3,3,3,4,3,3,2,4,5,3,5,3,5,3,5,3,5,3,5,3,5,3,5,3,3,3,3,4,3,3,3,4,3,3,3,3,2,3,1,3,2,3,5,3,4,3,2,2,,,,,,1,4,3,4,3,5,3,4,3,4,3,3,3,3,4,3,4,3,4,3,4,3,3,3,4,4,3,3,3,4,3,4,3,2,3,0,,5,3,3,5,3,5,6,3,3,2,3,3,3,3,3,3,3,3,3,2,5,4,1,1,2,1,UK
68,3,3,3,3,3,3,3,3,3,3,3,,,3,0,,1,,0,,0,,0,,1,5,3,5,3,5,3,5,3,5,3,5,3,5,3,5,0,,0,,0,,0,,0,,,4,3,4,3,0,,5,3,4,3,4,3,4,1,1,4,3,4,3,1,3,2,5,3,3,2,3,2,4,5,2,5,2,3,2,5,,0,,0,,0,,4,2,3,2,3,2,3,2,3,2,3,1,3,2,3,1,,,,11,,,,,,,,,,,,,2,4,1,4,2,1,4,Italy
69,4,3,4,4,2,4,3,4,2,4,2,0,,4,0,,0,,0,,3,3,3,3,3,2,3,2,3,2,3,2,3,2,3,2,3,2,3,2,0,,0,,0,,0,,0,,,0,,0,,0,,0,,0,,0,,,2,,,,,1,1,3,1,3,1,3,1,2,1,2,1,3,4,3,4,3,4,3,4,3,3,,1,3,3,3,3,3,3,2,3,3,3,0,,0,,3,3,4,,,,12,,,,,,,,,,,,,2,3,3,2,2,1,2,Germany
70,4,4,3,4,2,4,1,2,2,3,2,,,3,3,3,4,1,4,2,3,2,3,2,3,2,3,3,2,,,4,3,2,3,2,3,4,2,2,0,,0,,0,,0,,0,,,4,2,0,,3,2,4,2,2,3,2,3,3,2,,,,,,1,,,3,2,,,,,3,4,1,4,2,,2,0,,0,,0,,0,,4,4,2,2,3,3,2,0,,0,,0,,4,2,2,,,,12,,,,,,,,,,,,,2,2,1,3,2,1,3,France
71,3,3,2,2,2,4,3,3,,2,2,,,,3,2,2,1,2,3,4,2,5,2,,1,3,1,3,2,3,3,3,1,3,1,3,3,3,1,,,4,3,5,3,4,3,,,4,,,4,2,4,2,,,3,2,4,2,4,,,,,,,2,,,,,,,,,,4,3,1,3,1,3,2,2,1,2,3,2,1,3,1,4,3,2,3,5,2,2,2,2,2,1,3,1,3,2,,,,,5,5,5,4,5,4,4,5,4,4,4,,2,3,1,5,3,1,5,Germany
72,3,3,3,4,3,5,,4,3,4,3,,3,4,1,,1,,2,,3,,2,,2,4,,5,,4,,5,,2,,4,,5,,4,4,,4,,5,,5,,5,,4,4,,5,,0,,5,,3,,,,4,2,,,,,2,1,3,,5,,5,,3,,4,5,,5,,5,,5,,5,,5,,5,,5,4,,4,,,,4,,4,,2,,3,,2,,,,11,,,,,,,,,,,,,2,4,3,3,2,1,3,Italy
73,4,5,5,4,3,4,3,4,3,4,3,0,,4,4,3,4,3,4,3,4,3,4,3,4,4,3,5,3,5,3,5,3,4,3,4,3,5,3,5,4,3,4,3,0,,0,,4,3,4,3,3,4,3,4,3,4,3,3,3,3,3,4,2,,,,,4,1,3,2,4,3,4,3,4,3,4,4,2,4,3,4,3,4,3,4,3,5,3,4,3,4,4,3,4,3,0,,4,3,0,,3,3,4,3,3,,,,11,,,,,,,,,,,,,2,3,1,4,2,4,4,Germany
74,4,4,4,5,3,3,2,4,2,3,2,4,3,4,5,3,5,3,5,3,4,2,4,3,5,5,3,5,3,5,3,5,3,5,3,5,3,5,3,5,5,3,5,3,5,3,5,3,5,3,5,4,,4,,0,,5,,0,,0,,5,2,,,,,,2,,,,,,,,,,0,,0,,0,,0,,0,,5,,0,,,5,,4,,5,,5,,0,,0,,4,,4,4,3,5,4,5,5,1,,,,,,,,,,2,6,,1,2,1,1,Israel
75,3,3,3,4,3,3,3,3,3,3,3,,,3,1,,1,,2,,1,,3,,1,4,3,5,3,5,3,4,3,4,3,3,3,5,3,4,4,3,4,3,3,3,4,3,0,,4,2,,0,,0,,3,3,1,3,0,,3,2,,,,,1,1,3,2,5,2,2,1,2,3,3,,,,,,,,,,,,,,,,3,,3,,3,,4,,0,,2,,3,,3,,,,11,,,3,,,,,,,,,,2,5,2,3,2,2,3,UK
76,4,4,4,4,3,3,3,4,3,4,3,0,,4,3,3,2,2,3,3,3,3,3,2,3,4,3,4,3,4,3,4,3,2,3,3,3,5,3,4,4,3,4,3,4,3,3,3,4,3,4,3,3,0,,0,,2,3,0,,0,,3,1,2,1,3,1,,1,3,2,4,3,3,1,2,2,3,5,3,5,3,5,3,5,3,4,3,4,3,4,3,,4,3,4,3,4,3,3,3,0,,3,3,4,3,4,,,,12,,,,,,,,,,,,,2,5,,2,,4,2,UK
77,4,5,5,5,3,5,3,5,3,4,3,4,3,5,3,3,3,3,5,3,4,3,5,3,4,3,3,5,3,4,3,3,3,3,3,3,3,,,3,4,3,4,3,4,3,4,3,4,3,4,3,2,3,2,3,3,4,3,3,2,3,2,4,2,,,,,,2,,,,,,,,,,3,2,2,3,2,3,4,3,3,3,5,3,3,3,3,4,3,4,3,4,3,4,3,0,,4,3,5,3,4,,,,11,,,1,,,,,,,,,,2,5,3,3,1,2,3,UK
78,4,4,5,3,3,4,3,2,3,5,3,0,,4,4,3,4,2,4,2,4,3,3,2,4,1,3,3,3,4,2,4,3,3,3,1,3,4,2,3,0,,0,,0,,0,,0,,,2,3,0,,0,,4,3,4,3,0,,3,2,,,,,3,1,2,2,4,3,2,1,1,2,3,3,1,3,3,3,2,0,,1,3,3,2,2,3,3,4,3,2,3,4,2,2,3,3,2,2,3,3,3,3,,,,11,,,,,,,,,,,,,2,1,1,5,3,5,5,Benelux
79,3,3,2,2,3,1,3,1,3,1,3,,,2,0,,2,,3,,1,,1,,2,1,3,2,3,2,3,3,3,1,3,2,3,4,2,1,0,,0,,0,,0,,0,,,1,3,1,3,0,,4,3,1,3,1,3,1,1,2,0,,3,3,1,2,2,5,,4,3,1,2,4,3,3,3,3,2,3,3,3,1,3,4,2,3,,2,1,3,1,3,3,3,1,3,0,1,1,3,1,3,1,,,,12,,,,,,,,,,,,,2,4,1,4,2,1,4,Italy
80,3,3,4,3,3,2,1,3,2,3,2,,,3,3,2,5,3,5,3,4,2,4,3,4,3,3,3,3,2,3,3,3,3,3,3,3,4,3,3,3,2,3,2,3,2,3,2,4,2,3,2,2,2,2,4,1,4,3,2,2,2,2,,2,,,,,3,2,,,,,,,,,,5,3,5,3,5,3,3,3,4,3,5,3,5,3,4,4,2,3,3,4,2,2,3,1,1,1,3,3,3,2,,,,12,,,,,,,,,,,,,2,2,3,3,,1,3,France
81,3,4,5,4,2,3,3,3,3,4,3,4,3,4,4,3,5,2,5,2,5,2,5,3,4,2,,2,,2,,2,,1,,1,,4,,1,4,3,4,2,4,2,4,3,4,2,4,3,3,3,2,3,1,4,3,3,3,0,,3,1,2,5,3,5,5,1,3,2,4,3,5,3,3,3,4,3,2,3,1,1,3,4,3,4,3,4,3,4,3,4,4,3,2,3,4,3,3,3,2,3,2,3,4,3,3,,,,4,4,4,4,4,4,5,4,4,5,4,2,,2,1,2,2,2,1,2,Benelux
82,3,4,4,3,3,2,1,3,2,4,2,3,2,3,1,3,2,1,4,2,4,2,4,2,3,3,3,4,3,3,2,3,2,3,2,3,3,4,2,3,4,2,4,2,4,2,4,3,4,2,4,4,3,4,2,0,,4,3,2,3,2,3,3,1,2,4,2,4,,1,5,3,5,3,,,,,4,5,3,4,3,4,3,4,3,4,3,5,3,4,3,4,3,1,3,1,4,1,2,1,1,1,1,2,2,2,2,,,,1,3,4,4,4,3,4,4,4,3,4,3,4,2,5,1,3,2,2,3,UK
83,2,3,3,3,,2,,1,,1,,0,,2,1,,1,,1,,3,,3,,1,3,,3,,4,,3,,3,,2,,2,,2,5,,4,,3,,3,,0,,4,3,3,4,2,0,,4,3,4,2,0,,4,2,,,,,,2,,,,,,,,,,3,,3,,3,,4,,1,,0,,1,,2,4,1,2,3,4,1,2,3,2,1,2,3,3,3,2,,,,8,5,5,3,5,4,4,5,4,4,3,4,5,2,5,1,4,3,2,4,UK
84,3,3,1,2,3,3,3,2,3,3,3,,,3,2,3,1,3,2,3,3,3,4,3,2,4,3,5,3,5,3,2,3,1,3,1,3,5,3,4,4,2,4,2,4,2,1,3,1,3,2,2,3,2,3,3,3,4,3,2,3,2,3,2,2,,,,,1,1,2,1,4,3,4,3,3,2,3,5,3,5,3,5,3,5,3,1,3,5,3,5,3,4,5,3,2,3,5,3,4,3,4,3,1,3,3,3,3,,,,12,,,,,,,,,,,,,2,4,2,4,2,1,4,Italy
85,3,4,3,3,3,0,,2,3,4,2,0,,3,5,2,5,2,5,2,5,2,5,2,5,4,3,5,3,5,2,5,3,4,2,4,2,5,2,5,0,,0,,4,3,0,,0,,4,3,2,0,,0,,4,3,4,2,3,2,3,2,,,,,,1,3,2,4,2,3,2,3,2,3,5,1,5,2,5,2,4,2,5,2,5,2,4,2,5,4,2,2,2,0,,2,2,0,,3,2,3,3,3,,,,11,,,,,,,,,,,,,2,3,1,5,2,1,5,Germany
86,2,1,2,4,,2,,3,,2,,0,,3,2,,3,,2,,3,,2,,2,3,,3,,2,,1,,1,,1,,4,,1,0,,0,,0,,0,,0,,4,2,,0,,0,,1,,4,,4,,3,1,,3,,3,3,1,4,,4,,1,,2,,3,4,,4,,2,,1,,1,,2,,2,,1,3,,3,,2,,2,,0,,1,,2,,1,,,,4,4,4,4,4,4,4,4,3,4,4,3,4,2,5,2,2,1,1,2,UK
87,3,2,3,3,3,2,2,3,3,5,2,3,3,3,1,3,1,2,1,3,0,,0,,1,3,3,3,3,4,3,5,3,1,3,1,3,5,1,2,0,,0,,4,3,0,,4,3,4,2,2,3,2,0,,3,3,0,,0,,3,2,,,,,3,1,5,2,5,2,5,3,,,5,5,1,5,1,5,1,5,1,3,1,3,1,4,1,4,5,1,3,1,4,1,4,1,3,1,1,3,3,3,3,,,,11,,,,,,,,,,,,,2,4,1,2,2,1,2,Italy
88,5,5,5,4,3,4,3,4,3,4,3,0,,4,5,3,5,3,5,3,5,3,5,3,5,5,3,5,3,5,3,5,3,5,3,5,3,5,3,5,0,3,0,3,0,,0,,0,,4,4,3,3,3,3,2,4,3,4,3,0,,4,2,,,,,,1,3,3,,,4,3,,,4,5,3,5,3,5,3,5,3,5,3,5,3,5,3,5,5,3,4,3,4,3,4,3,3,3,0,,4,3,4,,,,1,4,3,3,4,3,5,4,4,4,4,3,4,2,6,,2,2,2,2,Israel
89,3,4,4,4,3,4,3,3,3,4,3,0,,4,4,3,2,2,3,3,3,3,3,3,3,3,3,4,3,4,3,3,3,3,3,3,3,4,2,3,4,3,4,3,4,3,4,3,4,3,4,4,3,0,,0,,4,3,5,3,4,3,4,1,1,3,3,3,,1,5,3,4,3,3,3,3,2,4,5,2,4,3,5,2,2,3,3,3,5,2,2,3,4,5,3,4,3,5,3,3,3,2,3,2,3,4,3,4,,,,10,4,5,,5,5,5,4,3,5,4,4,,2,5,1,2,1,1,2,UK
90,1,1,1,3,2,1,2,1,3,2,2,0,,1,3,3,1,2,3,3,2,2,1,2,1,3,3,5,3,4,3,3,3,1,3,3,3,5,3,5,0,,0,,0,,0,,0,,,3,3,1,3,0,,3,3,3,3,3,3,3,2,,,,,4,2,,,,,,,,,,3,3,3,3,3,3,2,3,1,3,3,3,1,3,2,3,3,1,3,3,3,1,3,1,3,1,3,1,3,1,,,,4,5,5,5,4,3,3,3,3,3,3,3,3,2,5,1,3,3,1,3,UK
91,3,3,3,2,3,4,3,2,3,2,3,0,,3,2,2,4,2,4,2,3,2,3,2,3,3,3,4,3,3,3,1,3,2,2,2,3,4,3,3,3,2,3,2,4,3,4,3,3,2,3,4,3,4,2,0,,2,3,2,2,4,2,3,1,2,3,3,3,3,1,3,2,4,3,5,2,3,2,3,5,1,3,3,0,,1,3,1,3,4,2,3,2,2,4,2,2,2,3,2,1,2,3,2,1,3,3,3,1,,,,11,,,,,,,,,,,,,2,3,3,3,2,1,3,Germany
92,3,3,5,4,3,0,,4,3,2,3,3,3,3,1,3,1,3,2,3,2,3,3,1,3,3,3,3,3,2,3,2,3,1,3,1,3,3,3,2,5,3,5,3,5,3,5,3,5,3,5,3,3,3,1,0,,5,3,5,3,3,2,4,2,,,,,4,1,2,2,4,3,3,2,3,3,3,4,3,4,3,4,3,4,3,0,,0,,1,3,4,4,2,3,3,4,3,3,3,1,1,2,3,3,3,3,2,3,3,2,4,4,2,4,1,5,1,3,4,3,1,,2,5,,1,2,4,1,UK
93,4,4,4,4,3,3,2,4,3,4,3,4,3,4,3,3,4,2,2,2,3,1,4,1,4,2,3,3,3,3,2,4,3,2,2,2,3,4,2,2,3,2,3,2,4,3,4,2,4,3,4,4,2,3,1,2,1,3,2,4,3,4,3,3,1,2,4,3,3,2,1,3,2,2,2,2,1,2,1,2,3,1,3,1,3,1,3,2,4,1,4,2,2,1,3,3,2,4,2,3,2,3,3,2,2,2,2,3,3,3,4,3,4,4,4,4,3,4,4,4,3,4,4,4,3,5,2,5,1,1,2,2,1,UK
94,3,3,3,4,3,4,3,4,3,4,3,4,3,4,2,,2,,3,,3,,3,,3,3,3,3,3,3,3,5,3,3,3,3,3,4,3,4,4,3,4,3,5,3,4,3,,,4,0,,4,3,0,,5,3,5,3,0,,4,1,1,3,,2,2,1,5,3,5,3,5,3,5,3,5,4,,4,,4,,4,,,,4,,4,,3,4,,3,,4,,3,,3,,2,,3,,3,2,,2,12,,,,,,,,,,,,,2,4,,1,,2,1,Italy
95,3,4,5,4,3,4,3,3,3,3,3,0,3,4,5,3,5,3,5,3,4,3,4,3,5,2,3,3,3,3,3,2,3,1,3,1,3,4,3,2,,,,,,,,,,,,4,3,0,,3,3,3,3,1,3,4,3,3,,,,,,,1,3,1,4,3,3,2,2,2,3,1,3,1,3,1,3,3,3,2,3,3,3,3,3,3,5,3,3,3,4,3,3,3,,,1,3,4,3,3,,,,5,4,4,4,3,3,3,3,3,3,3,3,3,2,2,4,5,,1,5,France
96,3,3,2,3,3,4,2,3,3,4,2,0,,3,0,,0,,0,,0,,0,,,4,3,4,3,4,2,5,3,4,3,4,3,5,3,4,4,2,4,2,0,,0,,0,,4,4,3,4,3,0,,5,3,3,3,3,3,4,1,2,4,3,4,4,1,3,1,4,3,3,2,,,3,3,1,4,2,4,2,3,2,2,3,2,3,3,2,3,3,3,3,,3,2,3,2,0,,2,3,2,2,2,,,,7,4,4,4,3,4,4,4,4,4,3,3,,2,3,1,2,3,5,2,Germany
97,5,3,5,5,3,3,2,4,3,5,3,,,5,4,2,4,2,4,2,4,2,4,2,4,5,3,5,3,5,3,4,3,5,3,5,3,5,3,5,4,3,5,3,5,3,0,,0,,5,4,2,4,2,0,,5,3,4,2,4,2,5,1,,,,,3,1,3,2,4,2,5,3,4,2,4,4,3,4,3,4,3,4,2,4,2,5,3,5,3,5,5,2,4,2,0,,4,2,4,2,2,1,5,3,5,,,,4,2,3,1,2,1,3,2,2,2,2,2,3,2,4,1,4,1,1,4,Italy
98,1,1,2,1,3,1,3,1,3,1,3,0,,1,1,3,1,3,1,3,4,3,3,3,2,,3,4,3,4,3,5,3,4,3,3,3,5,3,4,3,3,4,3,5,3,0,,4,,4,0,,2,3,0,,,,1,3,1,3,3,2,,,,,,1,2,2,4,3,4,2,1,1,3,5,1,5,3,5,3,5,3,3,3,5,3,5,3,5,5,3,2,3,5,3,0,,0,,1,3,1,3,3,,,,9,5,5,5,5,5,5,5,5,5,5,5,5,2,3,1,5,2,1,5,Germany
,4,5,5,4,3,5,3,3,3,3,3,5,3,4,0,,4,3,4,3,3,3,5,3,4,4,3,5,3,5,3,4,3,1,3,4,3,5,3,4,4,3,4,3,4,3,3,3,3,3,4,4,3,4,3,4,3,4,3,2,3,0,,4,1,1,4,3,4,4,1,2,3,4,3,3,3,3,,3,4,2,4,2,1,3,4,3,3,2,4,3,3,3,3,4,3,4,3,4,3,4,3,0,,3,3,5,3,4,,,,4,4,4,3,4,5,4,3,,4,2,4,5,2,3,4,4,1,2,4,Germany
100,5,5,5,4,3,5,3,5,3,4,3,4,3,4,3,3,3,3,4,3,3,3,4,3,3,4,3,5,3,5,3,4,3,3,3,3,3,5,3,4,5,3,5,3,5,3,5,3,5,3,5,5,3,5,3,4,3,4,3,4,3,4,3,4,1,2,5,3,5,1,1,5,3,5,3,4,3,4,3,4,5,2,5,2,4,2,4,2,4,2,4,2,4,2,4,3,3,3,3,3,3,3,3,3,3,2,3,3,3,3,,,,10,4,4,4,4,4,3,4,4,4,4,4,4,2,4,2,3,2,5,3,Italy
101,2,2,2,4,3,3,3,4,3,2,3,,,3,0,,1,3,1,3,2,3,3,3,2,1,3,2,3,2,3,1,3,1,3,1,3,4,3,2,0,,0,,0,,0,,0,,,3,3,3,3,2,3,3,3,2,3,,,3,1,1,4,3,4,,1,3,3,3,3,3,3,3,3,,3,,3,,3,,2,,2,,4,,1,,3,3,,3,,1,,,,0,,1,,2,,2,,,,1,4,4,4,5,5,5,4,4,3,4,4,3,2,1,2,5,2,1,5,Benelux
102,4,5,5,4,3,4,3,3,3,4,3,0,,4,3,3,2,3,2,3,3,3,3,3,2,5,3,5,3,5,3,4,3,2,3,4,3,5,3,5,0,,0,,0,,0,,0,,,4,3,4,3,0,,5,3,2,3,0,,3,1,1,3,2,3,3,1,3,2,5,3,4,2,3,2,4,4,1,3,3,2,3,2,3,3,3,4,2,4,2,3,4,3,3,3,4,3,3,3,1,1,3,3,4,3,3,,,,4,5,5,1,4,5,4,3,4,5,5,2,4,2,3,1,5,3,2,5,Germany
103,5,5,5,4,3,3,3,3,3,5,3,0,,4,4,3,3,2,3,2,3,2,3,2,3,5,3,5,3,5,3,3,3,2,3,4,3,5,3,4,0,,0,,0,,0,,0,,,4,3,4,3,5,3,5,3,3,3,0,,4,2,,,,,3,1,2,2,5,3,2,2,3,2,3,4,3,2,3,2,3,2,3,3,3,3,3,3,3,2,4,3,4,3,4,3,4,3,1,2,4,3,4,3,4,,,,11,,,,,,,,,,,,,2,3,1,5,2,1,5,Germany
104,4,5,5,4,3,3,3,4,3,5,3,0,,3,4,3,3,2,3,2,3,3,3,3,3,5,3,5,3,5,3,2,3,2,3,4,3,5,3,5,0,,0,,0,,0,,0,,,3,3,3,3,0,,4,3,3,3,0,,3,2,,,,,3,1,3,3,5,3,4,3,3,3,4,4,3,3,3,2,3,3,3,3,3,4,3,3,3,3,4,3,3,3,3,3,2,3,3,3,4,3,3,3,3,,,,12,,,,,,,,,,,,,2,3,1,2,1,4,2,Germany
105,,,,4,,3,,3,,2,,0,,4,4,3,5,3,5,3,5,3,5,3,5,4,3,4,3,3,2,3,3,3,2,1,3,5,3,2,4,3,4,3,3,3,3,3,0,,4,2,2,4,3,0,,3,3,3,3,2,3,,1,2,4,3,4,4,1,4,2,5,3,4,2,4,2,4,4,3,4,2,3,2,4,2,4,3,5,2,5,3,4,3,2,3,3,3,2,3,2,3,2,0,,4,3,4,,,,4,5,5,1,4,4,4,5,4,4,4,4,4,2,5,1,2,1,7,2,UK
106,4,4,5,4,3,4,3,5,3,4,2,0,,4,5,2,2,3,4,3,5,2,3,2,2,5,3,5,3,2,2,5,3,0,,4,3,5,2,4,4,3,4,3,0,,0,,4,3,3,3,2,0,,0,,5,3,2,3,2,3,3,2,,,,,2,1,,,5,3,3,3,,,3,2,3,2,3,3,3,2,3,3,3,4,2,2,3,2,4,3,3,2,5,3,2,2,0,,0,,4,3,3,,,,,,,,,,,,,,,,,2,5,1,2,1,2,2,UK
107,4,4,4,4,3,3,2,3,3,4,3,0,,4,3,3,4,2,4,2,3,2,4,3,4,3,3,4,3,3,3,3,3,2,3,3,3,5,3,4,1,3,1,3,1,3,0,,2,3,1,2,3,2,3,0,,2,3,2,3,2,3,2,1,2,3,2,2,,1,3,2,3,2,3,2,2,1,3,3,3,4,3,4,3,1,3,2,3,4,3,4,3,3,3,2,1,3,3,2,1,3,1,2,1,3,2,3,1,,,,10,4,5,,4,,4,,,,3,,,2,5,1,2,2,1,2,UK
108,4,5,5,4,3,4,3,5,3,5,3,0,,4,0,,0,,0,,0,,0,,,5,3,5,3,5,3,4,3,2,3,4,3,5,3,5,0,,0,,0,,0,,0,,,3,3,3,3,2,3,3,3,4,3,0,,3,2,,,,,3,1,5,2,5,3,3,2,,,4,5,3,5,3,4,3,3,3,0,,4,1,2,3,3,4,3,4,3,4,3,3,2,0,,4,3,5,3,4,,,,10,,,,,,,,,,,,,2,3,2,5,1,4,5,Germany
109,4,5,5,4,3,4,3,5,3,5,3,0,,4,0,,0,,0,,0,,0,,,5,3,5,3,5,3,4,3,2,3,5,3,5,3,5,0,,0,,0,,0,,0,,,3,3,3,3,2,3,3,3,4,3,0,,3,2,,,,,3,1,5,2,5,3,3,2,,,4,5,3,5,3,4,3,3,3,0,,4,1,2,2,4,4,3,4,3,4,3,3,2,0,,4,3,5,3,4,,,,10,,,,,,,,,,,,,2,3,4,3,1,4,3,Germany
110,4,5,5,4,3,4,3,4,3,5,3,0,,4,0,,3,3,3,3,3,3,2,3,3,5,3,5,3,5,3,4,3,1,3,4,3,5,3,5,0,,0,,0,,0,,0,,,4,3,4,3,0,,5,3,4,3,0,,4,1,1,4,3,3,3,1,3,2,5,2,3,2,3,2,3,4,2,4,3,4,3,3,3,3,3,4,2,4,2,4,4,3,4,3,4,3,4,3,1,3,4,3,5,3,4,,,,12,,,,,,,,,,,,,2,3,3,5,1,3,5,Germany
111,4,3,3,3,3,3,3,4,3,4,3,4,3,3,4,2,3,2,4,2,3,2,3,2,3,5,3,4,3,4,2,4,3,3,2,4,3,4,3,4,4,2,4,2,5,2,4,2,4,2,4,3,3,3,3,0,,3,3,2,3,2,3,3,2,,,,,,1,2,2,2,2,2,2,2,2,2,4,2,4,2,4,2,3,2,4,2,4,2,3,2,4,4,3,3,3,4,3,3,3,0,,0,,3,3,3,,,,11,,,,,,,,,,,,,2,3,1,5,3,6,5,Germany
112,4,4,3,3,3,5,3,3,3,5,3,,,4,3,3,3,2,5,3,3,2,4,2,3,5,3,5,3,5,3,5,3,3,1,5,3,5,3,5,3,3,3,3,3,3,3,3,3,3,3,3,3,3,3,0,,4,3,1,3,1,3,3,2,,,,,,1,3,1,5,3,5,3,3,1,4,5,3,1,3,3,3,3,3,1,3,1,3,1,3,1,3,3,4,3,4,3,0,,2,3,3,3,4,3,3,,,,12,1,1,1,,,,,,,,,,2,4,1,2,2,1,2,Italy
113,3,4,2,4,3,3,3,,,5,3,,,3,2,3,3,1,5,3,5,3,3,2,4,5,3,5,3,5,3,5,3,5,3,5,3,5,3,5,4,3,5,3,4,2,3,2,4,3,4,1,3,3,3,,,5,3,4,2,4,2,4,2,,,,,2,,,,,,,,,,,5,2,5,3,5,3,4,3,1,3,2,3,3,3,3,5,3,2,3,5,3,1,3,1,3,2,3,1,3,1,,,,5,3,3,1,3,3,3,3,3,3,3,3,3,2,4,1,3,2,1,3,Italy
114,2,3,3,2,3,2,2,2,3,2,3,0,,2,4,3,3,1,3,2,3,2,3,2,2,1,3,2,3,2,1,4,3,3,3,1,3,4,1,2,3,1,3,1,3,1,3,1,0,,3,3,1,0,,0,,3,3,0,,0,,3,2,,,,,3,2,,,,,,,,,,1,1,1,1,1,1,1,1,1,1,3,1,3,1,2,2,1,1,3,2,1,1,3,1,1,1,3,2,3,1,,,,11,,,,,,,,,,,,,2,5,2,3,1,2,3,UK
115,3,3,3,3,2,4,2,3,2,4,3,,,3,1,3,3,3,2,2,2,2,3,2,2,3,,4,,4,,2,,2,,1,,5,,3,0,,0,,0,,0,,0,,,4,,3,,0,,4,,2,,0,,3,1,2,1,3,3,3,1,2,2,4,3,3,2,2,2,3,3,2,3,3,5,3,2,3,1,3,3,2,4,3,3,4,3,1,3,5,2,0,,0,,2,3,4,3,3,,,,4,4,4,3,4,4,5,,,3,4,3,,2,1,1,2,3,1,2,Benelux
116,4,3,3,4,3,3,3,3,3,4,3,,,3,4,3,3,2,3,2,4,3,3,3,,4,3,4,3,4,3,4,3,4,3,4,3,4,3,4,4,3,4,3,4,3,4,3,4,3,4,3,3,3,3,4,3,5,3,3,3,3,3,4,2,,,,,3,2,,,,,,,,,,4,3,4,3,4,3,4,3,4,3,4,3,3,3,4,3,3,3,3,3,3,3,3,0,,2,3,3,3,3,,,,11,,,,,,,,,,,,,2,4,2,5,2,1,5,Italy
117,4,5,5,4,3,4,3,3,3,4,3,0,,4,3,3,3,3,4,3,3,3,3,3,3,5,3,5,3,5,3,2,3,1,3,4,3,5,3,5,0,,0,,0,,0,,0,,,4,3,4,3,4,3,5,3,0,2,3,3,4,1,1,4,3,4,4,1,3,3,5,3,3,3,,,3,4,1,3,3,3,2,2,3,3,2,2,2,3,2,3,4,3,3,3,0,,3,3,0,,4,3,2,3,3,,,,12,,,,,,,,,,,,,2,3,1,5,3,3,5,Germany
118,4,5,5,3,3,4,3,3,3,4,3,0,,3,3,3,3,3,3,3,2,3,3,3,3,4,3,5,3,5,3,1,3,1,3,3,3,5,2,4,0,,0,,0,,0,,0,,,3,3,3,3,0,,5,3,4,3,0,,3,1,1,3,3,4,3,1,3,3,5,3,,,3,3,3,5,3,2,3,2,3,1,3,1,3,1,3,3,3,1,5,3,3,3,4,3,3,3,0,,4,3,4,3,4,,,,7,4,5,2,4,5,4,4,3,5,4,3,,2,3,2,5,1,1,5,Germany
119,5,5,5,4,3,4,3,4,3,5,3,0,,4,5,3,4,3,4,3,4,3,5,3,4,5,3,5,3,5,3,3,3,2,3,4,3,5,3,5,0,,0,,0,,0,,0,,,4,3,4,3,0,,4,3,4,3,0,,4,1,1,4,2,4,4,1,2,3,5,3,,,,,3,5,3,3,3,3,3,0,,0,,3,3,3,3,3,5,3,4,3,4,3,4,3,0,,4,3,4,3,4,,,,12,,,,,,,,,,,,,2,3,1,4,1,1,4,Germany
120,5,5,5,4,3,4,3,4,3,5,3,0,,4,5,3,5,2,5,2,4,2,4,2,4,5,3,5,3,5,3,4,3,2,3,4,3,5,3,4,0,,0,,0,,0,,0,,,5,3,4,3,0,,5,3,4,3,0,,4,1,1,4,3,3,3,1,3,3,5,3,,,3,2,3,4,1,3,3,3,3,3,3,3,2,3,1,3,2,3,4,3,4,3,0,,3,3,0,,4,3,4,3,4,,,,6,4,5,1,4,5,4,3,3,5,4,3,,2,3,2,5,2,1,5,Germany
121,2,1,1,5,3,5,3,4,3,4,3,5,3,4,5,3,5,3,5,3,5,3,5,3,5,4,2,5,3,5,3,3,3,4,3,4,3,5,3,4,4,3,4,3,4,3,4,3,4,3,4,3,3,1,2,3,2,4,2,3,2,3,2,3,2,,,,,,2,,,,,,,,,,3,,3,,2,,3,,2,,4,,4,,3,3,2,3,2,3,2,2,2,1,2,2,2,4,2,3,,,,12,4,4,4,4,4,4,4,4,4,3,4,,2,2,4,5,2,2,5,France
122,4,5,5,5,3,3,2,4,3,5,2,0,,5,0,,3,3,2,3,5,2,0,,3,4,3,5,3,4,3,3,3,0,,4,3,5,3,4,4,3,5,3,0,,0,,0,,5,3,3,0,,0,,4,3,4,3,0,,3,2,,,,,2,1,4,3,,,4,3,1,2,3,0,3,3,3,4,3,1,3,5,3,0,,1,1,3,5,3,5,3,5,3,0,,0,,5,3,5,3,5,,,,3,5,5,,,4,5,4,4,3,3,,,2,6,,2,1,1,2,Israel
123,2,2,1,4,3,5,3,5,3,3,3,,,4,,,4,3,,,4,3,4,3,3,2,3,4,3,2,3,4,3,2,3,1,3,4,3,2,,,,,,,,,,,,1,3,1,3,3,2,4,3,3,3,,,3,2,,,,,1,1,4,3,4,3,4,3,2,,3,4,,4,,4,,4,,4,,4,,4,,4,4,3,2,3,2,3,1,3,3,3,3,,5,3,2,,,,1,4,4,4,4,4,4,3,3,3,4,3,4,2,1,3,5,1,1,5,Benelux
124,4,4,4,4,,4,,4,,4,,0,,4,0,,5,1,5,3,5,2,5,3,5,4,3,5,3,5,3,4,3,5,2,4,3,5,3,4,5,3,4,2,4,2,4,3,5,3,4,3,2,,,,,4,3,1,3,,,3,1,2,3,3,3,,1,4,3,5,3,3,1,3,1,4,4,2,4,2,4,2,4,2,4,2,1,3,3,3,2,4,3,4,3,4,3,5,3,1,3,5,3,5,3,4,,,,,,,,,,,,,,,,,2,5,2,3,1,2,3,UK
125,3,3,3,3,3,4,3,3,3,4,3,0,,3,2,3,1,3,2,3,3,3,2,3,2,3,3,4,3,3,3,4,3,4,3,3,3,4,3,4,4,3,4,3,4,3,4,3,0,,4,3,3,3,3,3,3,4,3,3,3,3,3,3,2,,,,,3,1,,,,,,,,,,4,3,4,3,4,3,3,3,3,3,4,3,2,3,,4,2,3,3,4,2,3,3,0,,3,3,3,3,3,4,3,3,4,4,4,,4,4,4,4,4,4,4,3,4,2,5,2,1,,1,1,UK
126,3,3,3,4,3,4,3,3,3,3,2,,,5,3,3,4,2,4,3,3,3,3,3,3,4,3,4,3,4,2,5,3,2,3,5,3,5,1,4,5,2,4,3,4,3,5,3,5,3,5,3,2,3,2,3,2,3,2,4,2,4,2,3,1,2,3,3,3,3,1,3,1,5,3,3,1,5,3,4,5,3,4,3,5,3,1,3,1,3,4,3,2,3,2,2,3,2,3,5,3,2,3,1,1,2,3,2,3,2,,,,6,3,3,3,4,4,3,2,4,4,3,4,3,2,3,1,2,1,1,2,Germany
127,2,2,2,4,3,4,3,4,3,5,3,0,,5,5,2,2,2,0,,0,,0,,2,1,3,4,3,5,3,1,3,1,3,1,3,5,3,1,4,3,5,3,5,3,5,3,5,3,5,5,3,5,3,0,,5,3,5,3,5,3,5,1,2,5,3,5,,1,5,,5,,5,,,,5,5,2,5,2,5,2,5,3,5,3,5,3,5,3,5,5,3,3,3,5,3,4,3,2,3,5,3,5,3,4,,,,1,4,4,4,4,1,2,2,4,2,4,2,,2,1,,5,1,1,5,Benelux
128,2,2,2,3,3,3,2,2,3,2,3,0,,2,2,3,3,2,3,3,3,2,4,3,3,2,3,2,3,2,3,4,3,1,3,3,3,4,2,2,5,3,4,3,5,3,0,,0,,4,3,3,3,3,0,,4,3,0,,0,,4,2,,,,,,1,4,3,5,3,4,3,,,4,1,3,1,3,1,3,1,3,1,3,3,3,1,3,1,2,3,2,3,2,3,2,3,0,,1,3,2,3,2,,,,11,,,,,,,,,,,,,2,5,,2,3,2,2,UK
129,3,3,3,3,3,3,2,2,3,3,2,,,3,5,2,5,2,5,2,5,3,0,,4,2,3,2,3,2,3,2,3,4,3,1,3,5,2,2,0,,0,,0,,0,,0,,,4,3,4,2,4,2,2,3,2,3,0,,3,2,,,,,2,1,4,2,5,2,,,,,3,5,,5,,3,,4,,4,,5,,4,,4,5,,3,,4,,3,,4,3,4,,5,,4,,,,4,4,4,2,4,5,5,,,4,4,4,,2,1,1,2,2,3,2,Benelux
130,4,4,4,4,2,4,3,4,2,4,2,,,4,4,3,5,3,3,3,3,2,3,2,4,5,2,5,3,5,3,4,3,5,2,4,2,5,3,5,5,3,5,3,4,3,5,3,4,2,5,4,2,5,3,3,2,5,3,3,2,3,2,4,,,,,,,,,,,,,,,,,3,3,2,3,2,3,5,3,4,3,5,3,5,3,3,5,3,3,3,4,3,4,3,4,3,1,3,3,3,2,,,,,,,,,,,,,,,,,2,4,3,4,1,4,4,Italy
131,3,3,3,3,3,5,3,4,3,4,2,0,,3,3,3,1,3,1,3,2,2,1,2,1,4,3,3,3,3,3,4,3,2,2,3,3,3,2,3,4,3,4,3,3,2,0,,3,2,3,3,2,3,2,0,,4,3,3,2,3,2,3,1,,,,,3,1,3,2,4,3,3,2,2,2,3,3,2,3,2,3,2,2,2,2,2,4,2,2,2,3,3,3,3,2,4,2,3,2,2,1,3,3,3,3,3,,,,11,,,,,,,,,,,,,2,3,2,3,3,3,3,Germany
132,4,4,4,3,3,4,3,3,3,4,,3,,3,2,3,3,1,3,2,4,3,4,3,3,2,3,4,3,4,1,2,3,3,3,2,3,4,2,2,4,3,4,3,4,2,5,3,3,2,4,3,3,2,1,0,,4,3,3,3,0,,3,2,,,,,,1,4,2,3,3,4,2,2,1,3,4,3,4,3,3,3,0,1,1,3,5,2,3,3,2,5,3,5,3,5,3,3,2,0,,0,,5,2,5,,,,10,5,4,1,,,,,,,,,,2,2,2,4,1,1,4,France
133,4,4,4,4,3,0,,5,3,,3,4,3,4,5,3,5,3,5,3,5,3,5,3,5,,3,5,3,0,,3,3,5,3,4,3,5,3,4,5,3,5,3,5,3,5,3,0,,5,0,,0,,0,,4,3,3,,0,,4,2,,,,,,2,,,,,,,,,,0,,0,,0,,0,,0,,0,,0,,,5,3,5,3,5,3,0,,0,,0,,4,3,4,5,3,5,5,4,4,,5,5,4,3,4,4,3,3,,2,6,,1,2,1,1,Israel
134,3,3,2,4,,2,3,3,3,4,3,,,4,3,3,1,2,1,3,0,,0,,1,2,3,2,3,4,3,4,3,1,3,2,3,4,2,3,0,,0,,0,,0,,0,,,3,3,0,,0,,5,3,0,,2,3,3,2,,,,,3,1,4,2,4,3,,,2,1,4,4,2,5,3,4,3,0,,0,,4,3,2,3,4,3,3,2,3,0,,2,3,0,,2,3,4,3,3,,,,,,,,,,,,,,,,,2,1,1,4,,7,4,Benelux
135,4,3,4,4,3,3,3,3,3,4,3,0,,4,4,2,4,2,4,2,4,2,4,2,4,4,3,4,3,4,3,4,3,0,,4,3,5,2,5,0,,0,,0,,0,,0,,,4,2,4,3,0,,4,3,4,2,4,2,4,1,1,3,3,3,,1,5,3,5,3,2,,,,4,5,1,4,2,4,3,0,,3,3,4,2,2,2,3,3,3,3,3,4,3,3,3,0,,3,3,4,3,4,,,,10,3,3,3,4,3,3,3,3,4,2,3,,2,3,3,5,2,1,5,Germany
136,3,4,4,4,3,4,3,4,3,3,3,,,3,3,3,3,3,3,3,3,3,4,3,3,2,3,4,3,4,3,3,3,3,3,3,3,4,3,3,4,3,4,3,4,3,4,3,4,3,4,4,3,4,,0,,4,,4,,4,,4,2,,,,,,1,4,2,4,2,5,2,4,2,3,4,3,4,3,4,3,1,3,1,3,1,3,1,3,3,3,,4,,4,,,,0,,,,4,,4,,,,10,4,4,4,4,4,4,4,4,4,4,4,4,2,1,1,2,1,3,2,Benelux
137,3,4,4,4,2,3,2,3,2,3,3,,,,3,1,3,1,3,1,3,1,3,1,3,2,3,4,3,4,3,3,3,2,3,2,3,4,3,4,3,2,3,3,3,3,3,2,3,3,3,4,2,3,2,0,,4,3,4,3,4,3,4,2,,,,,3,1,3,2,5,3,3,1,,,3,0,,0,,0,,0,,0,,0,,0,,,3,2,3,2,3,2,3,2,3,2,3,,3,2,3,,,,11,,,,,,,,,,,,,2,3,2,4,2,5,4,Germany
138,5,5,5,4,3,3,3,4,3,5,3,0,,4,3,3,3,3,4,3,4,3,3,3,3,5,3,5,3,5,3,3,3,2,3,5,3,5,3,5,0,,0,,0,,0,,0,,,4,3,4,3,0,,5,3,3,3,0,,4,1,1,4,3,4,4,1,3,3,4,3,,,3,2,3,5,2,4,2,4,2,2,2,3,2,3,2,3,2,3,5,3,3,3,0,,2,3,0,3,4,,4,3,3,,,,12,,,,,,,,,,,,,2,3,1,4,2,2,4,Germany
139,3,2,2,3,3,3,2,2,3,3,3,,,3,2,3,3,2,2,3,3,3,3,3,2,5,3,5,3,5,3,5,3,3,1,5,3,5,3,5,3,2,3,2,3,2,3,2,3,2,3,3,2,3,2,3,2,3,2,3,2,3,2,3,2,,,,,3,1,3,3,3,3,3,3,3,3,3,4,3,4,3,4,3,4,3,2,2,4,3,2,3,3,3,2,3,2,3,2,3,2,3,2,1,3,1,3,2,,,,12,3,3,2,3,3,3,3,3,3,3,3,3,2,4,3,5,3,6,5,Italy
140,3,3,3,3,3,3,3,3,3,3,3,,,3,4,3,4,3,4,3,4,3,4,3,4,5,3,5,3,5,3,4,3,4,3,5,3,5,3,5,4,2,4,2,3,2,3,2,4,2,4,3,,3,,0,,5,3,4,3,3,3,3,2,,,,,3,1,3,2,4,2,3,2,3,2,3,4,3,4,3,4,3,4,3,4,3,4,3,4,3,4,4,3,3,3,4,3,2,3,2,3,1,3,3,3,2,,,,12,,,,,,,,,,,,,2,4,1,2,3,2,2,Italy
141,4,4,4,3,3,4,3,4,3,4,2,3,3,4,3,2,5,3,5,3,3,3,4,3,4,5,3,5,3,5,3,4,3,3,3,4,3,5,3,4,4,3,4,3,4,3,3,3,4,2,4,3,3,3,3,,,2,3,3,3,3,3,3,1,2,2,3,1,3,1,3,3,4,3,4,3,2,1,3,4,3,4,3,2,3,4,2,4,2,5,2,4,2,3,3,3,4,3,4,3,,3,4,2,3,3,4,3,4,2,3,4,12,,,,,,,,,,,,,2,4,,1,3,1,1,Italy
142,2,2,3,2,3,3,3,4,3,3,3,3,2,3,1,3,1,3,1,3,3,2,4,2,2,4,3,3,3,3,3,4,3,4,2,3,3,4,2,3,4,2,4,2,4,2,0,,4,2,4,3,2,3,2,0,,4,3,0,,0,,3,1,2,1,3,1,,2,,,,,,,,,,4,2,4,2,4,2,0,,2,2,4,2,4,2,4,3,3,3,3,3,2,3,2,3,3,3,3,3,3,3,,,,5,4,5,4,4,4,4,3,4,4,4,4,4,2,3,4,2,3,2,2,Germany
143,4,5,5,2,3,4,2,5,3,4,3,0,,4,4,3,4,3,4,3,3,2,4,3,4,4,3,4,3,4,3,5,3,4,3,4,3,5,2,4,5,3,5,3,5,3,5,3,5,3,5,3,2,4,2,0,,2,3,5,2,5,2,3,2,,,,,3,1,3,2,2,2,2,2,2,1,2,3,2,3,2,3,2,3,2,3,2,3,2,3,2,3,3,2,3,2,3,2,3,2,0,,3,2,4,3,4,,,,12,,,,,,,,,,,,,2,5,1,2,2,3,2,UK
144,4,4,4,5,3,0,,4,,4,,5,,4,5,,5,,5,,5,,5,,5,4,,4,,4,,4,,4,,4,,5,,4,5,,4,,4,,0,,4,,4,4,,4,,0,,4,,4,,0,,4,2,,,,,,2,,,,,,,,,,4,,4,,4,,5,,5,,4,,5,,4,5,,3,,5,,3,,0,,3,,5,,4,5,,4,4,,,,,,,,,,,,,2,1,,1,,2,1,Benelux
145,2,2,5,5,3,2,3,5,3,1,3,5,3,4,5,2,5,2,5,3,5,2,5,2,5,1,3,1,2,1,2,1,3,1,3,1,3,5,2,1,3,2,3,2,3,2,3,2,3,2,3,4,,5,,0,,5,,0,,5,3,4,2,,,,,4,1,3,2,5,2,3,2,,2,3,4,1,4,1,4,1,4,1,4,1,4,1,4,1,4,3,,2,2,3,2,0,,0,,3,2,5,3,3,,,,,,,,,,,,,,,,,2,1,4,2,1,1,2,Benelux
146,4,4,5,4,3,4,2,3,3,4,3,0,,4,3,3,1,3,2,3,4,3,4,1,2,5,3,5,3,5,3,4,3,5,3,4,3,5,3,5,5,3,5,3,5,3,0,,5,3,5,4,3,4,3,0,,5,3,3,3,3,3,3,2,,,,,,1,4,2,5,3,3,3,3,2,4,5,3,5,3,5,3,0,,0,,0,,1,1,4,4,3,4,3,5,3,4,3,0,,2,3,3,3,3,,,,8,4,4,3,4,4,4,4,4,4,4,4,4,2,5,3,5,2,5,5,UK
147,4,4,4,4,3,5,3,4,3,4,3,0,,4,4,3,5,3,5,3,5,3,5,3,5,2,3,5,3,5,3,4,3,4,3,2,3,5,3,3,4,,4,,5,3,0,,0,,4,4,3,4,3,0,,4,3,0,,0,,4,1,,0,,,,1,4,3,4,3,4,2,,,4,4,3,4,3,4,3,4,3,4,3,4,3,4,3,4,4,,4,,0,,3,,0,,3,,4,,4,,,,11,,,,,,,,,,,,,2,3,4,4,1,3,4,Germany
148,4,4,4,4,2,4,3,3,2,4,3,,,4,3,3,4,2,4,2,4,3,4,3,4,4,3,4,3,3,3,3,3,4,2,3,3,4,2,4,4,3,4,3,4,3,3,2,3,2,4,2,3,3,3,,,4,3,2,3,2,3,2,2,,,,,4,1,3,2,3,3,3,2,,,3,4,2,4,3,1,3,4,2,4,2,4,2,4,2,4,3,2,3,2,3,2,3,2,3,2,3,3,3,3,3,,,,11,3,2,1,2,2,1,1,3,3,2,2,,2,4,1,3,1,3,3,Italy
149,3,3,4,4,3,5,3,4,3,3,2,0,,4,4,3,3,2,4,2,4,3,4,3,4,3,3,4,3,4,3,4,3,3,3,3,3,5,3,4,5,3,5,3,5,3,5,3,5,3,5,3,3,4,2,3,2,4,3,3,3,3,2,4,1,2,4,3,4,3,1,,,,,,,,,,5,3,4,2,5,2,3,1,3,2,4,3,2,1,3,4,3,3,3,4,3,3,3,0,,2,3,3,3,3,,,,4,4,4,3,5,4,5,5,5,4,3,2,5,2,5,4,3,1,1,3,UK
150,4,2,4,4,3,4,3,4,3,5,3,4,3,4,4,3,4,2,4,3,3,3,4,3,4,5,3,5,3,4,3,5,3,0,,4,3,5,3,5,5,3,5,3,5,3,5,3,0,,5,2,3,2,3,0,,4,3,2,3,2,3,3,1,2,4,3,3,2,1,4,3,,,3,3,,,4,4,3,5,3,5,3,5,3,5,3,5,3,5,3,5,5,3,4,3,5,3,3,3,0,,4,3,4,3,4,,,,1,5,3,3,4,2,5,3,5,4,4,2,,2,6,,2,2,1,2,Israel
151,4,5,5,4,3,2,3,4,3,4,3,0,,4,4,3,2,2,3,2,3,2,3,2,3,5,3,5,3,5,3,2,3,1,3,4,3,5,3,4,0,,0,,0,,0,,0,,,4,3,4,3,3,3,5,3,2,3,0,,3,1,1,3,3,3,3,1,4,3,4,3,,,2,2,3,3,2,3,2,3,3,0,,2,2,2,2,3,2,2,3,3,2,3,2,3,0,,3,3,3,3,2,3,2,,,,12,,,,,,,,,,,,,2,3,1,5,3,1,5,Germany
152,5,5,5,4,3,1,3,4,3,5,3,0,,3,3,3,3,3,2,3,2,3,1,3,2,5,3,5,3,5,3,2,3,1,3,4,3,5,3,4,0,,0,,0,,0,,0,,,3,3,0,,0,,3,3,3,3,0,,3,1,1,4,3,3,3,1,2,3,4,3,,,1,3,2,3,2,2,3,1,3,3,3,2,3,2,3,3,3,2,3,3,2,3,3,3,2,3,0,,2,3,3,3,2,,,,12,,,,,,,,,,,,,2,3,1,4,3,1,4,Germany
153,4,4,4,3,3,5,,4,,4,,,,4,5,,5,,5,,5,,5,,5,4,,5,,5,,3,,4,,3,,5,,4,3,,3,,3,,4,,4,,3,4,,3,3,,,3,,2,,2,,3,1,1,4,,4,4,1,4,,5,,4,,2,,4,4,,4,,4,,4,,4,,4,,4,,4,5,,3,,5,,3,,4,,3,,3,,3,,,,12,,,,,,,,,,,,,2,3,3,2,2,1,2,Germany
154,3,3,4,2,3,3,1,5,2,0,,,,3,3,3,4,2,4,2,2,2,0,,3,4,3,4,3,3,2,4,3,4,1,2,3,4,3,4,0,3,4,3,1,3,3,2,0,,3,2,2,0,,3,2,3,3,1,3,1,3,2,2,,,,,3,1,3,1,5,3,1,1,4,2,3,3,2,4,2,4,3,3,2,3,3,4,3,3,2,3,3,2,4,2,4,2,3,2,2,1,2,3,3,3,3,,,,11,,,,,,,,,,,,,2,4,1,2,2,1,2,Italy
155,5,5,5,4,3,5,3,4,3,4,2,,,4,4,2,5,3,5,3,5,3,5,3,5,5,3,5,3,5,3,5,3,5,3,5,3,5,3,5,4,3,4,3,4,3,4,3,4,2,4,4,3,4,3,,,4,3,3,3,3,3,4,2,,,,,,1,4,2,4,3,4,2,4,2,4,4,2,4,2,4,2,4,2,4,2,4,2,4,3,4,4,3,4,3,4,2,5,3,,,3,3,4,3,4,,,,1,4,3,3,3,3,3,3,,,,,,2,4,3,4,2,3,4,Italy
156,3,4,5,5,3,3,2,5,3,4,3,3,2,4,4,3,4,3,5,3,4,3,3,3,,3,3,2,3,3,3,4,,2,3,4,3,4,3,3,3,3,4,3,3,3,3,3,4,3,3,2,2,4,3,4,2,5,3,3,3,0,,4,2,,,,,,1,4,3,5,3,3,2,1,2,3,3,3,3,3,5,2,0,,1,3,4,2,3,2,3,3,3,4,3,5,3,3,2,0,,1,3,5,3,4,1,3,1,11,,,,,,,,,,,,,2,5,3,1,1,1,1,UK
157,2,2,1,5,,4,,5,,5,,0,,5,5,,5,,5,,5,,5,,5,4,,3,,0,,3,,1,,3,,5,,3,0,,0,,0,,0,,0,,3,1,,0,,0,,3,,1,,0,,2,2,,,,,1,2,,,,,,,,,,1,,3,,3,,1,,1,,4,,1,,1,4,,5,,5,,4,,0,,3,,5,,5,,,,11,,,,,,,,,,,,,2,6,,5,1,1,5,Israel
158,4,5,5,1,3,5,3,3,3,5,3,0,,3,0,,0,,0,,0,,0,,5,5,3,5,3,5,3,5,3,5,3,5,3,5,3,5,5,3,3,3,4,3,4,3,0,3,4,5,3,4,3,0,,4,3,4,3,0,,4,2,,,,,,2,,,,,,,,,,5,1,5,1,5,1,5,1,5,1,5,1,5,1,5,0,,0,,0,,5,3,0,,5,3,5,3,5,,,,12,,,,,,,,,,,,,2,6,,5,3,1,5,Israel
159,5,5,5,5,3,3,3,5,3,5,3,0,,5,4,3,3,3,3,3,3,3,3,3,3,5,3,5,3,5,3,4,3,3,3,4,3,5,,5,0,,0,,0,,0,,0,,,5,3,4,3,0,,5,3,4,3,0,,4,1,1,4,3,4,4,1,,,5,,,,,,4,4,3,4,3,3,3,0,,0,,4,2,4,2,4,5,3,5,3,0,,3,3,0,,4,3,5,3,4,,,,12,,,,,,,,,,,,,2,3,1,5,2,1,5,Germany
160,5,5,5,5,3,5,3,5,3,4,2,,,3,5,3,5,3,5,3,5,3,5,3,5,5,3,5,3,5,3,5,3,5,3,5,3,5,3,5,5,3,5,3,5,3,5,3,5,3,5,5,3,5,3,0,,5,3,5,3,5,3,5,1,2,5,3,5,5,2,,,,,,,,,,5,3,5,3,5,3,5,3,5,3,5,3,5,3,5,5,3,5,3,5,3,5,3,5,3,5,3,5,3,5,,,,,5,5,5,,,,,,,,,,2,6,,5,,1,5,Israel
161,5,5,5,4,3,3,3,3,3,4,3,0,,4,4,3,4,3,3,3,3,3,3,3,3,4,3,5,3,5,3,2,3,2,3,3,3,5,3,4,0,,0,,0,,0,,0,,,4,3,4,3,5,3,5,3,3,3,0,,4,1,1,3,3,4,4,1,,,5,,,,3,3,4,4,1,3,3,3,3,2,3,3,3,2,3,3,3,3,5,3,4,3,4,3,4,3,0,1,3,,4,,3,,,,12,,,,,,,,,,,,,2,3,2,5,2,1,5,Germany
162,4,5,4,4,3,4,3,3,3,4,3,0,,4,3,3,4,1,4,2,3,2,3,2,3,5,3,5,3,4,3,2,3,1,3,3,3,5,2,4,0,,0,,0,,0,,0,,,3,3,3,3,0,,4,3,4,3,0,,4,1,1,3,3,4,3,1,,,5,3,,,3,2,3,4,1,3,3,4,3,0,,3,3,4,2,3,2,3,4,3,4,3,0,,3,3,0,,4,3,5,3,4,,,,12,,,,,,,,,,,,,2,3,1,5,1,1,5,Germany
163,3,4,4,3,3,4,3,4,3,0,,0,,3,4,2,1,3,1,3,2,3,1,3,2,5,3,5,3,4,3,4,3,2,3,4,3,5,3,5,3,2,3,2,4,,4,3,4,3,3,3,3,4,2,0,1,4,3,4,,3,3,3,2,,,,,3,1,4,3,4,3,3,2,,,3,4,3,,,4,3,0,3,0,2,5,3,5,3,4,4,3,2,3,4,3,3,3,0,2,1,3,4,3,3,,,,1,4,3,2,2,2,2,2,2,2,2,2,2,2,4,1,2,3,1,2,Italy
164,5,4,4,4,3,3,3,4,3,4,3,0,,4,1,3,2,3,1,3,1,3,1,3,1,5,3,5,3,5,2,3,3,1,3,4,3,5,2,5,0,,0,,0,,0,,0,,,3,3,3,3,3,2,4,3,0,,1,3,2,1,1,3,3,3,3,1,3,3,5,3,,,1,,3,3,3,1,3,1,3,2,3,2,3,3,3,3,3,2,4,3,3,3,0,,2,3,0,,2,3,5,3,3,,,,12,,,,,,,,,,,,,2,3,1,5,1,3,5,Germany
165,4,4,5,4,2,5,3,3,3,3,3,0,,3,4,3,5,1,3,1,4,2,4,,4,3,3,5,3,4,3,2,3,1,3,1,3,5,2,4,5,3,4,3,5,3,5,3,4,3,4,2,3,2,2,0,,5,3,4,1,4,1,3,1,2,4,2,3,1,1,2,2,5,2,2,2,1,2,2,3,1,5,3,5,3,0,,0,,0,,1,3,3,4,2,3,2,5,2,4,2,1,3,2,3,2,2,3,,,,2,4,4,2,3,3,3,2,2,4,2,2,,2,3,4,5,2,1,5,Germany
166,3,3,2,3,3,1,2,5,2,4,3,2,3,2,2,3,4,2,2,2,3,3,4,2,3,2,3,2,3,3,2,3,3,1,3,2,3,4,2,2,5,3,4,3,5,3,0,,0,,4,0,,0,,0,,4,3,4,3,,,4,2,,,,,4,2,,,,,,,,,,2,3,2,3,4,3,1,3,2,3,4,2,2,2,2,3,3,3,3,4,3,4,3,2,2,4,3,4,3,4,4,3,3,7,3,4,3,3,5,5,4,4,5,3,4,5,2,1,,1,1,2,1,Benelux
167,4,2,2,3,2,2,2,3,3,4,3,0,,4,4,,3,,3,,4,,2,,2,4,,5,,4,,4,,2,,3,,5,,4,4,3,2,3,4,2,0,,4,3,3,5,3,0,,4,3,4,2,2,1,0,1,3,2,,,,,,1,4,,,,1,,2,,3,5,2,5,2,5,2,5,2,5,2,4,2,5,2,3,2,,1,,1,,1,,0,,0,,1,,1,,,,12,,,,,,,,,,,,,2,2,1,2,,2,2,France
168,1,1,1,2,2,4,3,4,3,2,3,,,3,1,,1,,2,,,,,,1,4,3,4,3,4,3,5,3,4,3,4,3,5,3,4,4,3,4,3,3,3,4,3,3,3,3,4,3,3,3,4,3,5,3,3,3,3,3,4,,,,,,,1,,,,,,,,,,5,3,5,3,5,2,,,,,4,2,3,3,4,4,3,3,3,4,3,2,3,1,3,2,3,,3,,,,,,,,,,,,,,,,,,2,2,2,,3,5,,France
169,3,4,3,2,3,1,3,3,3,2,2,,,3,4,3,4,1,4,3,4,2,4,2,4,4,3,4,3,4,2,4,3,3,2,4,3,4,2,4,4,2,4,2,4,2,4,2,4,2,4,2,2,3,2,,1,4,3,3,3,4,3,3,2,,,,,2,1,4,2,4,3,4,2,3,2,4,4,2,4,2,4,2,4,2,4,2,4,2,4,2,4,3,2,3,3,4,2,4,3,3,2,2,3,3,3,3,,,,,,,,,,,,,,,,,2,4,2,4,2,1,4,Italy
170,4,3,3,3,3,,,4,3,2,3,,,3,5,3,5,3,5,3,5,3,5,3,5,5,3,4,3,4,3,5,3,5,1,3,3,5,3,4,0,,0,,0,,0,,0,,,3,3,5,3,0,,5,3,0,3,3,3,3,2,,,,,,2,,,,,,,,,,4,2,5,3,5,3,5,3,5,3,5,3,5,3,5,0,,4,3,5,3,3,3,3,3,0,,4,3,4,,,,12,,,,,,,,,,,,,2,6,,2,1,1,2,Israel
171,3,3,3,4,3,3,3,3,3,2,3,,,3,4,3,4,3,4,3,5,3,5,3,4,4,3,5,3,5,3,5,3,4,3,4,3,5,3,4,5,3,5,3,4,3,4,3,4,3,4,3,3,4,3,0,,4,3,4,3,0,,4,2,,,,,,1,4,2,4,3,5,3,,,4,4,3,4,3,4,3,4,3,4,3,4,3,4,3,4,3,3,3,3,4,3,4,3,0,,2,3,3,3,3,,,,1,3,3,3,3,2,4,3,2,3,3,3,3,2,6,,2,2,1,2,Israel
172,4,4,4,4,3,0,,3,3,3,3,0,,3,5,3,4,2,5,2,4,1,4,3,4,4,3,4,3,0,,5,3,4,3,4,3,4,3,4,0,,0,,4,3,0,,0,,4,3,3,0,,0,,5,3,4,3,0,,4,1,1,4,3,3,,1,4,2,5,3,4,3,,,4,5,3,5,3,5,3,0,,5,3,4,2,5,2,,5,3,3,3,0,,3,3,0,,2,3,2,3,2,,,,11,,,,,,,,,,,,,2,4,2,5,2,1,5,Italy
173,2,2,2,3,3,3,3,2,3,1,3,3,3,2,1,3,3,2,3,2,4,3,3,3,3,1,3,3,3,2,3,1,3,2,3,1,3,3,3,2,3,2,3,2,3,2,3,2,3,2,3,2,3,1,3,1,3,1,3,1,3,0,3,1,2,,,,,,1,2,2,2,2,2,2,2,2,2,1,2,1,2,1,2,1,2,1,2,1,2,2,2,1,4,3,2,3,4,3,2,3,1,1,2,3,4,3,2,,,,1,5,5,5,5,5,5,5,4,4,5,5,5,2,5,4,3,1,2,3,UK
174,4,4,4,4,3,4,3,3,3,4,2,,,4,4,2,5,3,4,3,5,3,4,2,5,5,3,4,3,5,3,5,3,5,3,5,3,5,3,5,,,,,,,,,,,,3,2,4,2,,,5,3,3,3,,,4,2,,,,,4,1,5,2,5,3,5,2,,,5,5,3,5,3,4,3,,,4,3,5,3,4,2,4,5,3,4,3,5,3,4,3,3,2,3,3,5,3,3,,,,,,,,,,,,,,,,,2,2,1,2,2,1,2,France
175,4,5,5,5,3,5,3,4,3,,,,,4,5,3,5,3,5,3,5,3,5,3,5,5,3,5,3,5,3,4,3,5,3,5,3,5,3,5,0,,0,,0,,0,,0,,,4,3,3,3,4,3,4,3,3,3,3,3,4,2,,,,,4,1,4,3,4,3,4,3,3,3,4,5,2,5,3,5,3,0,,5,3,5,3,5,3,4,5,3,4,3,4,3,4,3,2,3,3,3,5,3,4,,,,11,,,,,,,,,,,,,2,2,1,2,,1,2,France
176,5,5,5,5,3,5,3,5,3,5,3,,,5,3,3,2,3,2,3,5,3,5,3,2,5,3,5,3,5,3,5,3,5,3,5,3,5,3,5,5,3,5,3,5,3,5,3,,,5,0,3,0,3,0,,0,,0,,0,,4,2,,,,,,2,,,,,,,,,,1,3,5,3,5,3,5,3,3,3,5,3,5,3,,5,3,5,3,5,3,5,3,0,,5,3,5,3,5,,,,6,5,5,5,5,5,5,5,,5,3,3,5,2,6,,5,1,3,5,Israel
177,3,3,3,3,3,5,3,3,3,,,0,,3,2,3,5,1,5,3,4,3,4,3,4,5,3,5,3,3,3,5,3,2,3,3,3,5,2,4,0,,0,,0,,0,,0,,,,,4,3,0,,5,3,4,3,4,3,4,2,,,,,4,1,,,,,,,,,,5,2,2,3,2,3,2,3,1,3,2,2,1,3,2,5,3,3,3,5,3,2,3,0,,0,,2,3,3,,,,4,4,5,,5,4,5,5,5,4,4,4,5,2,3,1,3,3,1,3,Germany
178,2,1,2,2,3,1,3,2,3,3,3,0,3,1,0,3,1,3,2,3,3,3,1,3,1,5,3,5,3,5,3,5,3,1,3,5,3,5,3,5,5,3,5,3,5,3,5,3,5,3,5,4,3,2,3,1,1,5,3,3,3,0,3,3,2,,,,,1,1,4,3,5,3,4,3,1,3,4,0,,0,,0,,0,,0,,0,,0,,,5,3,1,3,4,3,1,3,1,3,4,3,1,3,2,,,,1,3,3,4,5,1,1,1,4,3,4,4,4,2,4,1,5,3,3,5,Italy
179,4,4,4,4,3,4,3,4,3,4,3,5,3,4,4,3,4,3,4,3,4,3,4,3,4,5,3,5,3,5,2,2,3,2,3,4,3,5,2,4,4,3,4,3,3,3,5,3,0,,4,4,3,4,3,0,,5,3,2,3,5,,4,1,1,4,3,4,4,1,4,3,5,3,,,2,3,4,5,1,3,3,3,3,4,3,3,3,4,1,4,3,3,4,3,5,3,5,3,4,3,0,,3,3,5,3,4,4,3,5,12,,,,,,,,,,,,,2,3,2,1,2,3,1,Germany
180,5,4,5,4,3,0,,3,3,5,3,0,,4,2,3,3,3,2,3,3,3,2,3,2,5,3,5,3,4,3,3,3,3,3,4,3,5,2,4,0,,0,,0,,0,,0,,,3,3,3,3,0,,3,3,3,3,2,3,3,1,1,3,3,3,3,,3,3,5,3,,,3,3,3,4,1,2,3,2,3,3,3,2,3,3,2,3,2,2,5,3,3,3,0,,3,3,0,,3,3,4,3,3,,,,12,,,,,,,,,,,,,2,3,1,5,2,3,5,Germany
181,3,4,4,2,3,2,3,2,3,3,3,0,,2,3,3,2,3,2,3,1,3,1,3,2,4,3,4,3,4,3,3,3,2,3,4,3,5,3,4,0,,0,,0,,0,,0,,,2,3,1,3,0,,4,3,2,3,3,3,2,1,1,3,3,3,3,1,2,3,4,3,,,3,3,3,4,3,2,3,2,3,2,3,2,3,3,3,3,3,2,4,3,2,3,4,3,2,3,0,,2,3,1,3,2,,,,12,,,,,,,,,,,,,2,3,4,4,3,2,4,Germany
182,4,5,5,4,3,3,3,4,3,4,3,0,,4,3,3,2,3,4,3,2,3,2,3,3,4,3,4,3,4,3,3,3,2,3,4,3,5,3,4,4,3,4,3,3,3,5,3,4,3,4,3,3,3,3,0,,4,3,2,3,0,,3,1,1,3,,3,3,1,,,5,,,,2,3,3,4,3,3,3,3,,0,,3,3,3,2,3,2,3,4,3,2,3,4,3,2,3,0,,3,3,5,3,3,,,,4,4,4,2,5,4,4,3,4,4,3,2,4,2,3,1,2,3,3,2,Germany
183,5,5,5,4,3,4,3,3,3,4,3,0,,4,4,3,5,3,5,3,4,3,4,3,5,5,3,5,3,5,3,4,3,3,3,4,3,5,3,5,0,,0,,0,,0,,0,,,4,3,3,3,0,,5,3,3,3,0,,4,1,1,4,3,3,3,1,3,3,4,3,,,3,3,3,4,1,3,3,3,3,3,3,3,3,3,1,4,2,3,4,3,4,3,4,3,3,3,0,,4,3,5,3,4,,,,12,,,,,,,,,,,,,2,3,1,5,1,1,5,Germany
184,4,4,4,4,3,3,3,4,3,4,3,0,,4,4,3,3,3,4,3,3,3,3,3,3,5,3,5,3,4,3,3,3,3,3,4,3,5,3,4,0,,0,,0,,0,,0,,,4,3,4,3,0,,4,3,2,3,0,,4,1,1,4,3,4,4,1,5,2,5,2,5,2,3,2,4,4,1,3,3,3,3,3,3,3,3,4,1,4,2,3,4,3,2,3,4,3,2,3,0,,3,3,5,3,3,,,,12,,,,,,,,,,,,,2,3,2,2,2,1,2,Germany
185,3,4,4,4,2,4,2,5,3,4,2,4,2,4,4,3,4,2,4,3,4,3,3,2,4,4,3,4,3,4,3,2,3,3,2,4,3,4,3,4,0,,0,,0,,0,,0,,,3,3,3,2,0,,4,3,2,3,2,3,3,2,,,,,3,2,,,,,,,,,,4,2,4,3,4,3,0,,0,,4,3,4,2,4,4,3,3,3,5,3,0,,0,,0,,4,3,3,,,,6,4,4,3,3,4,4,4,4,4,5,4,4,2,3,1,2,2,1,2,Germany
186,4,5,5,4,3,5,3,4,3,4,3,0,,,4,3,5,3,4,3,4,3,4,3,4,5,3,5,3,5,3,4,3,3,3,4,3,5,3,4,0,,0,,0,,0,,0,,,4,3,4,3,4,3,4,3,4,3,4,3,4,1,,4,3,4,4,1,4,2,5,3,4,2,3,2,4,4,3,4,3,3,3,0,,3,3,4,2,4,2,4,4,3,4,3,4,3,4,3,0,,4,3,4,3,4,,,,12,,,,,,,,,,,,,2,3,1,2,2,1,2,Germany
187,3,3,2,4,3,4,3,4,3,4,3,,,3,2,3,1,3,2,2,2,2,1,3,1,5,3,5,3,5,3,5,,1,3,5,3,5,3,5,5,3,5,3,5,3,0,,5,3,5,3,3,3,3,0,,3,3,2,3,2,3,3,1,2,3,3,3,,1,4,3,4,3,5,3,,,4,4,3,4,3,4,3,3,3,2,3,5,3,4,3,4,2,3,1,3,3,3,1,3,1,3,3,3,1,3,1,,,,1,2,1,2,4,1,2,1,2,3,3,2,1,2,4,1,3,3,2,3,Italy
188,5,5,5,4,3,4,3,4,3,5,3,0,,4,4,3,4,3,4,3,4,3,4,3,4,5,3,5,3,5,3,4,3,2,3,4,3,5,3,5,5,3,4,3,5,3,5,3,5,3,5,4,3,4,3,0,,4,3,3,3,0,,4,1,1,4,3,4,4,1,4,3,5,3,3,3,3,3,4,5,3,4,3,4,3,0,,4,3,4,3,4,3,4,4,3,3,3,4,3,4,3,0,,4,3,4,3,4,,,,12,,,,,,,,,,,,,2,3,3,5,1,3,5,Germany
189,4,4,4,,,4,1,3,3,3,3,,,3,2,3,2,3,4,3,4,3,4,2,3,5,3,5,3,4,3,5,3,5,3,4,3,5,3,5,,,,,,,,,,,,3,2,4,2,2,1,4,3,3,2,3,2,4,2,,,,,4,1,3,2,5,3,3,2,3,2,4,4,3,4,3,5,3,4,3,3,3,5,3,4,3,4,4,3,4,3,4,3,3,3,3,3,3,2,4,3,4,,,,3,4,3,2,,,,,,,,,,2,3,2,5,2,1,5,Germany
190,4,5,5,4,3,4,3,4,3,4,3,0,,4,4,3,4,3,4,3,3,3,3,3,4,5,3,5,3,5,3,3,3,1,3,4,3,5,2,4,4,3,5,3,4,3,5,3,0,,4,4,3,4,3,0,,5,3,4,3,0,,4,1,1,4,3,4,4,1,3,3,5,3,,,3,3,3,4,1,4,3,4,3,0,,4,2,3,1,3,2,4,4,3,3,3,4,3,4,3,0,,4,3,5,3,4,,,,12,,,,,,,,,,,,,2,3,3,2,1,1,2,Germany
191,4,4,4,4,3,5,3,4,3,4,3,0,,4,3,3,4,2,0,,4,3,3,3,3,5,3,5,3,5,3,4,3,3,3,4,3,5,3,4,0,,0,,4,3,0,,0,,4,4,3,4,3,0,,4,3,2,3,2,3,3,1,2,3,3,3,,1,2,3,5,3,3,2,1,2,3,4,2,5,3,5,3,4,3,4,3,4,3,3,3,4,4,3,3,3,3,3,4,3,5,3,3,3,3,3,3,,,,10,5,5,4,5,4,5,3,5,4,5,3,,2,3,1,5,3,2,5,Germany
192,4,4,5,5,2,3,3,5,2,4,3,5,3,4,5,3,5,3,5,3,5,3,5,3,5,4,3,5,3,5,3,5,3,4,3,4,3,5,3,5,0,,0,,0,,0,,0,,,4,3,4,3,3,3,4,3,4,3,4,3,5,2,,,,,,2,,,,,,,,,,1,3,4,3,4,3,3,3,4,3,0,,0,,4,5,3,4,3,5,3,0,,0,,3,3,4,3,4,,,,10,4,4,,5,5,5,5,5,5,4,3,4,2,6,,2,3,1,2,Israel
193,4,3,3,3,3,5,3,2,3,5,3,,,,5,3,5,3,5,3,5,3,5,3,4,5,3,5,3,5,3,5,3,5,3,5,3,5,3,5,5,3,5,3,5,3,5,3,,,4,1,3,,,,,5,3,5,3,,,4,2,,,,,,2,,,,,,,,,,,,,,,,,,0,,,,5,3,3,,,,,,,,,,,1,3,5,3,1,,,,12,,,,,,,,,,,,,2,6,,5,2,5,5,Israel
194,5,4,4,3,3,5,2,5,3,5,2,,,3,4,3,4,2,5,2,5,3,3,3,4,5,3,5,3,5,3,5,3,5,3,5,3,5,3,5,5,3,5,3,5,3,5,3,5,3,5,4,2,5,2,3,2,5,3,3,2,3,2,4,2,,,,,3,,,,,,,,,,,5,2,5,1,5,1,5,1,4,1,4,2,4,1,3,5,3,2,3,4,3,3,3,5,2,3,3,2,3,3,,,,11,,,,,,,,,,,,,2,4,1,2,3,6,2,Italy
195,4,4,4,4,3,5,3,4,3,4,2,,,4,5,3,5,3,5,3,4,3,5,3,5,5,3,5,3,5,3,5,3,5,3,5,3,5,3,5,0,,0,,0,,0,,0,,,3,2,3,2,0,,4,3,3,3,3,3,3,2,,,,,,,,,,,,,,,,,,,,,,,,,,,,,,,,,,,,,,,,,,,,,,,,,11,,,,,,,,,,,,,2,4,,5,2,1,5,Italy
196,4,4,5,4,3,4,3,4,3,4,3,0,,4,4,3,4,2,4,2,4,3,4,2,4,5,3,5,3,5,3,4,3,3,3,4,3,5,3,5,5,3,5,3,4,3,5,3,5,3,4,4,3,4,3,0,,4,3,3,3,0,,4,1,1,4,3,4,4,1,3,3,5,3,3,3,3,3,3,4,3,3,3,3,3,0,,4,3,3,2,3,2,3,4,3,4,3,4,3,4,3,0,,4,3,5,3,4,,,,12,,,,,,,,,,,,,2,3,1,2,2,4,2,Germany
197,4,5,5,5,3,4,3,4,3,4,3,4,3,4,4,3,4,3,4,3,4,3,4,3,4,5,3,5,3,4,3,4,3,3,3,4,3,5,3,4,5,3,4,3,5,3,5,3,0,,4,1,3,1,3,0,,5,3,3,3,0,,2,1,1,4,2,4,4,1,3,2,5,3,,,2,2,3,5,1,4,3,3,3,0,,3,3,4,1,4,2,3,5,3,3,3,5,3,3,3,0,,4,3,5,3,4,5,3,5,12,,,,,,,,,,,,,2,3,1,1,3,2,1,Germany
198,5,5,5,5,3,4,3,4,3,5,3,0,,,4,3,3,3,3,3,3,3,3,3,3,5,3,5,3,5,3,4,3,3,3,5,3,5,3,5,0,,0,,0,,0,,0,,,4,3,4,3,5,3,4,3,4,3,0,,,1,1,4,3,4,,1,3,3,5,3,,,2,2,3,5,1,4,3,4,3,0,,4,3,4,3,4,3,4,0,,4,,0,,3,3,0,,4,3,5,3,4,,,,12,,,,,,,,,,,,,2,3,1,5,1,1,5,Germany
1,4,4,4,3,3,0,,3,3,4,3,0,,3,0,,0,,0,,0,,0,,,4,3,5,3,4,3,3,3,3,3,4,3,5,3,4,0,,0,,0,,0,,0,,,4,3,4,3,0,,5,,4,3,0,,4,2,,,,,3,1,4,3,5,3,,,3,2,4,4,2,4,2,4,2,4,2,4,2,4,2,4,2,4,0,,0,,0,,0,,0,,0,,0,,,,,,12,,,,,,,,,,,,,2,3,1,5,,5,5,Germany
200,4,3,3,3,3,4,3,3,3,4,3,3,3,4,3,3,3,3,3,3,3,3,3,3,3,5,3,5,3,5,3,5,3,1,3,5,3,5,3,5,5,3,5,3,5,3,5,3,5,3,5,3,3,3,3,0,,5,3,3,3,0,,3,1,1,3,,2,2,1,5,2,5,3,5,2,5,2,4,3,3,3,3,3,3,3,3,3,3,3,3,3,3,3,3,3,4,3,3,3,5,3,0,,2,3,3,3,3,1,3,1,5,3,3,3,3,3,3,3,3,3,3,3,3,2,4,3,1,2,1,1,Italy
201,1,2,3,2,3,2,3,3,3,1,3,,,2,4,3,4,3,3,3,4,3,4,2,4,3,3,5,3,5,3,4,3,1,3,3,3,5,3,4,3,2,3,2,3,2,3,2,3,2,3,3,3,3,2,3,2,5,3,3,2,3,2,3,1,1,3,3,1,1,1,3,2,4,3,3,1,3,1,4,4,3,2,3,2,3,3,3,1,3,4,2,2,3,2,5,3,4,3,5,3,3,3,3,1,3,3,4,3,4,,,,10,5,5,5,4,4,5,4,3,4,5,4,5,2,3,3,2,3,3,2,Germany
202,3,4,5,2,3,4,3,3,3,2,3,4,3,3,5,3,4,2,4,3,4,2,4,2,4,2,3,2,3,3,3,4,3,1,3,1,3,5,3,2,2,3,2,3,4,3,4,3,0,3,,3,3,3,1,2,2,2,3,3,1,3,1,3,2,,,,,3,1,4,2,5,3,4,1,2,1,4,4,2,5,3,4,2,4,2,1,3,5,2,4,3,3,4,3,4,3,4,3,5,3,3,1,3,1,4,3,4,,,,10,,,,,,,,,,,,,2,3,4,3,2,3,3,Germany
203,4,4,4,4,2,4,1,4,3,3,3,0,,4,4,2,4,2,4,2,4,2,4,2,4,4,3,5,3,4,2,4,3,4,2,4,2,5,2,4,0,,0,,0,,0,,0,,,4,2,4,2,0,,4,3,4,1,4,1,4,1,2,3,3,3,3,1,3,2,3,2,3,2,3,2,3,4,2,5,3,5,3,4,3,4,3,4,3,4,3,4,4,3,3,2,3,2,3,2,3,2,3,3,3,3,3,,,,12,,,,,,,,,,,,,2,3,4,5,2,5,5,Germany
204,,,,,,,,,,,,,,,,,,,,,,,,,,,,,,,,,,,,,,,,,,,,,,,,,,,,,,,,,,,,,,,,,,,,,,,,,,,,,,,,,,,,,,,,,,,,,,,,,,,,,,,,,,,,,,,,,,,,,,,,,,,,,,,2,3,4,5,,3,5,Germany
205,3,2,2,2,3,0,,2,3,2,3,3,3,2,1,3,2,3,1,3,1,3,2,3,1,4,3,3,3,4,3,4,3,1,3,3,3,5,3,4,2,3,3,3,1,3,1,3,0,,1,2,3,3,3,0,,5,3,2,3,0,,2,2,,,,,4,1,2,3,5,3,4,3,3,3,3,5,1,5,3,5,3,0,,4,3,4,3,4,3,4,2,3,1,3,1,3,3,3,4,3,2,3,1,3,2,2,3,5,6,5,4,2,5,4,5,4,4,4,3,3,4,2,3,1,1,3,1,1,Germany
206,4,5,5,4,3,3,3,3,3,4,3,0,,4,4,3,3,2,3,2,3,2,3,2,3,5,3,5,3,4,3,3,3,3,3,4,3,5,3,4,0,,0,,0,,0,,0,,,3,3,3,3,0,,5,3,3,3,0,,3,2,,,,,3,1,4,3,5,3,3,3,3,3,3,4,1,4,3,4,2,3,3,4,3,4,1,4,2,4,4,3,3,3,4,3,3,3,,3,3,3,5,3,3,,,,4,4,4,2,4,4,4,4,4,4,3,3,4,2,3,1,5,2,1,5,Germany
207,4,5,5,4,3,4,3,4,3,4,3,0,,4,2,3,2,3,2,3,1,3,1,3,2,4,3,4,3,4,3,3,3,2,3,4,3,5,3,4,0,,0,,0,,0,,0,,,4,3,3,3,5,3,5,3,3,3,4,3,4,1,1,4,3,4,4,1,4,3,5,3,4,3,3,3,4,4,1,3,3,3,3,1,3,3,2,3,1,3,2,3,4,3,3,3,4,3,3,3,0,,4,3,5,3,4,,,,12,,,,,,,,,,,,,2,3,3,5,1,1,5,Germany
208,5,5,5,5,2,5,3,5,3,4,3,4,3,4,2,3,5,3,3,3,3,3,4,3,3,5,3,5,3,5,3,5,3,3,3,4,3,5,3,4,5,3,5,3,5,3,0,,0,,5,5,3,5,3,5,3,5,3,0,,3,3,4,1,2,4,3,4,,1,5,3,5,3,5,3,2,,4,5,3,1,3,5,3,0,,4,3,5,3,5,3,4,5,3,3,3,5,3,5,3,0,,2,3,5,3,3,5,3,4,12,,,,,,,,,,,,,2,3,,1,3,1,1,Germany
209,4,5,5,4,3,4,3,4,3,4,3,0,,4,4,3,4,3,4,3,4,3,4,3,4,4,3,5,3,4,3,4,3,3,3,4,3,5,3,4,0,,0,,0,,0,,0,,,4,3,4,3,3,3,5,3,4,3,0,,4,1,1,4,3,4,4,1,4,3,5,3,,,3,3,4,4,2,4,3,4,3,4,3,4,2,4,2,4,2,4,5,3,3,3,5,3,4,3,0,,3,3,4,3,4,,,,12,,,,,,,,,,,,,2,3,3,4,2,1,4,Germany
210,5,5,5,4,3,4,3,4,3,4,3,0,,4,4,3,5,3,5,3,4,3,4,3,4,5,3,5,3,5,3,4,3,1,3,4,3,5,3,5,4,3,5,3,4,3,4,3,4,3,4,4,3,4,3,4,3,5,3,4,3,0,,4,1,1,4,3,4,4,1,4,2,5,3,4,2,4,2,,5,2,4,3,4,3,3,3,4,3,4,2,4,2,4,5,3,4,3,0,,4,3,0,,4,3,4,3,4,,,,12,,,,,,,,,,,,,2,3,3,3,1,1,3,Germany
211,5,5,5,4,3,4,3,4,3,5,3,0,,4,4,3,4,2,4,2,4,2,4,2,4,5,3,5,3,5,3,4,3,3,3,5,3,5,3,5,0,,0,,0,,0,,0,,,4,3,4,3,0,,5,3,0,,4,3,4,1,1,4,3,4,,1,4,3,5,3,,,3,3,4,5,3,4,3,4,3,0,,4,3,4,3,4,3,4,5,3,4,3,0,,4,3,0,,4,3,5,3,4,,,,12,,,,,,,,,,,,,2,3,4,2,,5,2,Germany
212,4,5,5,4,3,4,3,4,3,4,3,0,,4,4,2,4,2,4,2,4,2,4,2,4,4,3,4,3,4,3,3,3,3,3,4,3,5,2,4,0,,0,,0,,0,,0,,,4,3,4,3,0,,4,3,4,3,0,,4,1,1,4,3,4,4,1,3,3,5,3,3,3,3,3,3,0,,4,,4,,0,,0,,4,,4,,4,4,3,4,3,4,3,4,3,4,3,4,3,5,3,4,,,,12,,,,,,,,,,,,,2,3,3,4,1,3,4,Germany
213,4,5,5,4,3,5,3,4,3,4,3,0,,4,2,3,3,3,2,3,3,3,3,3,2,4,3,4,3,4,3,4,3,3,3,4,3,5,3,4,0,,0,,0,,0,,0,,,4,3,4,3,0,,5,3,4,3,0,,4,1,2,3,3,4,4,1,4,3,4,3,3,3,3,3,3,4,2,4,3,4,3,4,3,,3,3,2,3,2,4,4,3,4,3,4,3,4,3,0,,4,3,5,3,4,,,,12,,,,,,,,,,,,,2,3,1,5,1,1,5,Germany
214,5,5,5,4,3,5,3,4,3,5,3,0,,4,4,3,3,2,3,2,4,2,3,2,3,5,3,5,3,5,3,4,3,3,3,4,3,5,2,4,0,,0,,0,,0,,0,,,4,3,4,3,0,,5,3,0,,4,3,4,2,,,,,4,1,4,3,5,3,3,3,3,3,3,5,1,4,3,4,2,4,3,3,3,3,1,3,2,3,4,3,4,3,4,3,4,3,0,,4,3,5,3,4,0,,,12,,,,,,,,,,,,,2,3,,1,2,2,1,Germany
215,3,5,5,4,3,3,3,4,3,2,3,3,3,3,4,3,4,3,4,3,4,3,4,3,4,4,3,4,3,3,3,4,3,1,3,4,3,4,3,3,4,3,4,3,4,3,4,3,0,,4,3,3,3,3,0,,3,3,0,,4,3,3,2,,,,,,1,4,3,4,3,3,3,,,4,4,3,1,3,4,3,1,3,1,3,4,1,3,3,2,3,3,2,3,4,3,3,3,0,,3,3,3,3,3,,,,12,,,,,,,,,,,,,2,3,1,2,,2,2,Germany
216,5,5,5,4,3,5,3,4,3,5,3,0,,4,4,2,4,2,4,2,4,2,4,2,4,5,3,5,3,5,3,5,3,3,3,5,3,5,3,5,4,3,5,3,4,3,5,3,4,3,4,4,3,4,3,0,,5,3,4,3,0,,4,1,1,4,3,4,4,1,4,3,5,3,,,4,2,4,4,3,4,3,4,3,0,,0,,4,1,4,2,4,4,3,4,3,4,3,4,3,0,,4,3,4,3,4,,,,12,,,,,,,,,,,,,2,3,1,3,1,1,3,Germany
217,5,5,5,5,3,5,3,5,3,5,3,0,,5,4,3,4,3,4,3,4,3,3,3,4,5,3,5,3,5,3,5,3,2,3,5,3,5,3,5,0,,0,,0,,0,,0,,,3,3,3,3,0,,5,3,2,3,0,,3,1,1,4,3,4,4,1,4,3,5,3,4,3,4,3,4,5,3,5,3,1,3,4,3,4,3,4,3,4,3,4,5,3,4,3,5,3,2,3,0,,4,3,5,3,4,,,,12,,,,,,,,,,,,,2,3,1,2,2,1,2,Germany
218,4,5,5,5,3,4,2,5,3,5,3,5,3,5,5,3,4,3,5,3,5,3,4,2,5,5,3,5,3,5,3,5,3,5,3,5,3,5,3,5,5,3,5,3,5,3,5,3,5,3,5,5,3,3,3,5,3,5,3,3,3,3,3,5,1,2,5,3,5,,1,5,3,5,3,5,3,,,5,5,3,5,3,5,3,5,3,5,3,5,3,5,3,5,5,3,5,3,5,3,5,3,,,5,3,5,3,5,5,3,5,,,,,,,,,,,,,,2,4,1,1,1,1,1,Italy
219,5,5,5,4,3,0,,4,3,5,3,0,,4,4,3,4,2,4,2,4,3,4,3,4,5,3,5,3,5,3,4,3,4,3,4,3,5,3,5,0,,0,,0,,0,,0,,,4,3,4,3,0,,5,,4,3,4,3,4,2,,,,,4,1,3,3,5,3,,,4,,4,5,3,4,3,4,3,0,,4,3,4,3,4,3,4,4,3,3,3,0,,4,,0,,4,3,4,3,4,,,,12,,,,,,,,,,,,,2,3,1,4,2,1,4,Germany
220,5,5,5,4,3,4,3,4,3,4,3,4,3,4,4,3,4,3,4,3,4,3,4,3,4,5,3,5,3,5,3,4,3,3,3,4,3,5,3,4,4,3,4,3,4,3,4,3,4,3,4,4,3,4,3,0,,5,,3,3,0,,4,2,,,,,4,1,4,,5,,4,,4,,4,4,1,4,3,4,3,4,3,4,3,4,2,4,2,4,4,,4,,4,,4,,0,,4,,4,,4,4,3,5,12,,,,,,,,,,,,,2,3,1,1,1,5,1,Germany
221,4,4,4,4,3,4,3,4,3,4,3,0,,4,0,,0,,0,,0,,0,,,4,3,4,3,4,3,3,3,3,3,4,3,5,3,4,0,,0,,0,,0,,0,,,3,3,3,3,0,,4,3,3,3,0,,3,2,,,,,4,1,3,3,4,3,4,2,3,2,3,0,,0,,0,,0,,0,,0,,,,,0,,0,,0,,0,,0,,0,,5,3,,,,,12,,,,,,,,,,,,,2,3,2,3,,4,3,Germany
222,4,4,4,4,3,0,,4,3,4,3,0,,4,3,3,3,2,3,2,3,3,3,3,3,5,3,5,3,5,3,5,3,0,,4,3,5,3,5,0,,0,,0,,0,,0,,,4,3,4,3,0,,5,3,3,3,0,,,2,,,,,3,1,4,2,5,3,,,3,3,4,4,1,4,3,4,3,0,,0,,4,1,3,2,4,0,,0,,0,,0,,0,,0,,5,,5,,,,12,,,,,,,,,,,,,2,3,1,5,2,1,5,Germany
223,4,5,5,4,3,4,3,4,3,4,3,0,,4,0,,0,,0,,0,,,,,5,3,5,3,4,3,4,3,4,3,4,3,5,3,4,4,3,4,3,4,3,5,3,0,,4,4,3,4,3,0,,4,3,4,3,0,,,1,1,4,3,4,4,1,4,2,4,3,4,2,3,3,4,0,,0,,0,,0,,0,,0,,0,,,4,3,4,3,4,3,3,3,0,,3,3,5,3,4,,,,12,,,,,,,,,,,,,2,3,2,4,1,4,4,Germany
224,4,5,5,4,3,0,,3,3,5,3,0,,4,3,3,3,2,3,1,3,2,2,2,3,4,3,5,3,5,3,4,3,3,3,3,3,5,3,4,0,,0,,0,,0,,0,,,3,3,3,3,0,,4,3,3,3,0,,3,1,1,4,3,4,4,1,3,3,4,3,,,3,2,,4,2,4,3,4,3,0,,4,3,3,2,3,2,4,4,3,3,3,0,,3,3,0,,3,3,4,3,3,,,,12,,,,,,,,,,,,,2,3,1,5,3,4,5,Germany
225,4,4,4,,,4,3,4,3,3,3,0,,4,0,,0,,4,2,2,2,2,2,3,5,3,5,3,5,3,3,3,3,3,4,3,5,3,5,4,2,4,2,3,2,5,2,4,2,4,4,3,4,2,0,,4,3,0,,0,,4,1,1,2,3,2,,1,5,2,5,2,,,2,3,3,0,,4,,4,,0,,0,,0,,0,,3,0,,0,,0,,0,,0,,0,,0,,,,,,4,4,4,2,4,3,3,4,,,,,,2,3,2,3,,5,3,Germany
226,4,5,4,2,3,3,3,2,3,5,3,,,3,2,3,2,3,2,3,1,3,2,3,2,5,3,5,3,5,3,5,3,4,3,4,3,5,3,5,0,,0,,0,,0,,0,,,4,3,4,3,0,,4,3,3,3,0,,4,1,1,4,2,4,4,1,4,3,5,3,,,3,2,4,5,2,5,2,5,2,0,,2,3,4,2,4,2,4,4,3,3,3,0,,3,3,0,,3,3,4,3,3,,,,12,,,,,,,,,,,,,2,3,1,2,,3,2,Germany
227,4,4,4,4,3,0,,4,3,5,3,0,,4,4,3,3,3,3,3,3,3,3,3,3,5,3,5,3,5,3,3,3,3,3,4,3,5,3,4,0,,0,,0,,0,,0,,,3,3,3,3,0,,4,3,3,3,0,,3,2,,,,,4,1,2,2,4,3,,,3,2,3,4,2,4,3,4,3,0,,4,3,4,1,4,2,4,4,3,2,3,0,,2,3,0,,4,3,4,3,3,,,,11,,,,,,,,,,,,,2,3,1,5,3,1,5,Germany
228,4,5,5,4,,4,,4,,4,,0,,4,4,3,4,2,4,2,4,2,4,2,4,4,3,4,3,4,3,3,3,3,3,4,3,5,3,4,0,,0,,0,,0,,0,,,4,3,4,3,4,3,5,3,4,3,0,,4,1,1,4,3,4,4,1,3,2,4,3,3,2,3,2,3,4,1,4,3,4,3,4,3,3,3,2,2,4,2,4,4,3,4,3,4,3,4,3,0,,4,3,5,3,4,,,,12,,,,,,,,,,,,,2,3,3,3,2,4,3,Germany
229,2,1,1,3,3,3,3,2,3,5,3,,,3,1,3,2,3,3,3,4,3,5,3,3,5,3,5,3,5,3,5,3,1,3,5,3,5,3,5,5,3,5,3,5,3,5,3,5,3,5,2,3,3,3,2,3,2,3,3,3,0,,3,1,2,3,3,3,4,,4,3,4,3,,3,4,3,4,4,2,4,2,4,2,4,2,4,2,4,2,4,2,3,3,2,1,3,3,2,2,2,3,2,3,2,2,3,2,,,,1,4,4,4,4,4,2,4,4,4,4,2,,2,4,1,3,3,1,3,Italy
230,4,4,4,4,3,0,,3,3,5,3,0,,4,3,3,2,3,1,3,2,3,2,3,2,5,3,5,3,5,3,4,3,1,3,4,3,5,3,3,0,,0,,0,,0,,0,,,3,3,3,3,0,,4,3,4,3,0,,3,1,2,4,,4,4,1,2,3,4,3,,,3,3,3,4,3,4,3,3,3,0,,3,3,3,3,3,3,3,4,3,3,,0,,1,3,0,,2,3,4,3,3,,,,11,,,,,,,,,,,,,2,3,1,5,3,1,5,Germany
231,5,5,5,4,3,0,,4,3,5,3,0,,4,4,3,3,2,4,2,4,3,4,3,4,5,3,5,3,5,3,4,3,3,3,4,3,5,3,5,0,,0,,0,,0,,0,,,4,3,4,3,0,,4,3,4,3,0,,4,2,,,,,4,1,4,3,5,3,,,3,3,4,5,1,4,3,4,3,0,,4,3,4,1,4,2,4,4,3,3,3,3,3,4,3,0,,4,3,4,3,4,,,,11,,,,,,,,,,,,,2,3,1,5,2,1,5,Germany
232,4,4,5,4,3,3,3,4,3,4,3,4,3,4,5,,4,,4,,5,,5,,4,5,,5,,5,,4,,4,,4,,5,,5,5,,5,,5,,5,,5,,5,4,,4,,0,,4,,4,,0,,4,,,3,,3,,1,4,,,,5,,,,4,4,,4,,4,,4,,4,,4,,4,,4,4,,4,,5,,4,,,,3,,4,,4,,,,,,,,,,,,,,,,,2,6,,2,1,1,2,Israel
233,3,3,3,4,3,,,4,3,0,,,,4,2,3,2,3,2,3,4,3,4,3,2,4,3,5,3,5,3,3,3,3,,3,3,5,3,4,5,,5,,4,,,,5,3,4,0,,0,,0,,0,,0,,0,,,,2,,,,,1,4,,5,,,,,,4,5,,5,,5,,5,,5,,5,,5,,5,5,,3,,3,,2,,0,,1,,2,,2,,,,11,3,3,3,,,,,,,,,,2,4,1,5,2,1,5,Italy
234,5,5,5,4,3,4,3,4,3,5,3,0,,4,5,3,5,3,5,3,5,3,5,3,5,5,3,5,3,5,3,3,3,3,3,5,3,5,3,5,4,3,4,3,4,3,5,3,4,3,4,4,3,4,3,5,3,5,3,4,3,0,,4,1,1,5,3,5,4,1,4,3,5,3,4,3,4,3,4,5,2,4,3,4,3,0,,4,3,4,3,4,3,4,5,3,4,3,5,3,4,3,0,,4,3,4,3,4,,,,11,,,,,,,,,,,,,2,3,2,4,1,1,4,Germany
235,4,5,5,4,3,4,3,4,3,4,3,0,,4,4,3,4,3,4,3,4,3,4,3,4,5,3,4,3,4,3,4,3,2,3,3,3,5,3,4,4,3,4,3,4,3,5,3,5,3,4,4,3,4,3,0,,5,3,4,3,0,,4,1,1,4,3,4,4,1,4,3,4,3,,,,,4,5,2,4,3,4,3,4,3,4,2,4,2,4,2,4,4,3,4,3,0,,4,3,0,,4,3,5,3,4,,,,12,,,,,,,,,,,,,2,3,,4,2,2,4,Germany
236,3,4,4,5,3,2,,4,,,,,,3,,,,,,,,,,,,5,3,4,3,3,,2,3,,1,,,4,3,3,,,,,,,,,,,4,4,,,,,,4,,1,3,1,3,2,2,,,,,,,,,,,,,,,,5,,5,,5,,,,4,,5,,5,,5,4,,,,5,,,,,,4,,,,3,,,,9,4,4,,,,,,,,,,,2,6,,2,,1,2,Israel
237,5,5,5,4,3,4,3,5,3,4,3,,,4,5,3,5,3,5,3,5,3,5,3,5,4,3,4,3,4,3,4,3,4,3,4,3,5,3,4,4,3,4,3,4,3,4,3,4,3,4,4,3,4,3,4,3,4,3,4,3,4,3,4,1,2,,,,4,1,4,3,4,3,4,3,4,3,4,4,3,4,3,4,3,4,3,4,3,4,3,4,3,4,4,3,4,3,4,3,4,3,4,3,4,3,4,3,4,,,,,,,,,,,,,,,,,2,4,4,5,1,5,5,Italy
238,2,3,3,3,3,3,3,4,3,3,3,2,3,3,2,3,2,3,2,3,3,3,4,3,3,1,3,2,3,3,3,1,3,2,3,1,3,3,3,2,2,3,3,3,2,3,0,,2,3,2,3,3,3,3,3,3,4,3,4,3,4,3,3,1,1,3,3,3,3,1,3,3,3,3,3,3,3,3,3,3,2,3,2,2,2,2,2,1,3,3,3,2,3,3,3,3,1,3,3,3,2,3,2,3,1,3,4,3,2,2,3,2,7,4,5,4,4,3,4,3,3,4,4,3,,2,1,1,1,3,2,1,Benelux
239,5,5,5,4,3,4,3,4,3,4,3,4,3,4,5,3,5,1,5,2,5,2,5,2,5,5,3,5,3,5,3,3,3,3,3,3,3,5,2,4,0,,0,,0,,0,,0,,,4,3,4,3,0,,4,3,4,3,0,,4,1,1,4,3,4,4,1,3,3,4,3,,,3,2,3,5,1,3,3,2,3,4,3,4,3,3,1,3,2,3,4,3,3,3,0,,3,3,0,,3,3,4,3,3,5,3,5,6,4,5,1,4,5,4,4,4,4,4,2,4,2,3,,1,2,1,1,Germany
240,3,4,4,4,3,4,3,3,3,3,3,,,4,3,3,4,2,4,3,4,2,4,3,4,3,3,4,3,4,3,3,3,2,3,3,3,4,3,3,4,3,4,3,4,3,4,2,4,3,4,3,3,3,2,0,,3,3,3,3,3,3,3,2,,,,,3,1,4,2,3,3,4,3,,,4,4,2,4,3,4,3,4,3,3,3,4,3,3,3,4,4,3,3,3,4,3,3,3,3,2,3,3,3,3,3,,,,,,,,,,,,,,,,,2,4,1,5,2,1,5,Italy
241,5,5,4,4,3,5,3,5,3,3,3,3,3,,5,3,5,3,5,3,5,3,5,3,5,4,3,5,3,5,3,5,3,5,3,5,3,5,3,5,5,3,5,3,3,3,5,3,5,3,5,5,3,5,2,,,3,3,2,3,,,4,2,,,,,5,2,,,,,,,,,,5,3,,,,,5,3,5,3,,,,,5,5,,4,,5,,5,,3,,2,,4,,4,,,,4,5,5,5,5,5,5,5,5,5,5,5,,2,6,,1,3,1,1,Israel
242,5,4,5,5,3,5,2,4,3,4,3,,,5,4,3,1,2,5,3,4,3,5,3,4,5,3,5,3,5,3,5,3,1,3,4,3,5,3,5,5,3,5,3,5,3,4,3,4,3,5,5,3,5,3,1,1,4,3,4,,,,4,1,1,4,3,,5,1,4,3,5,3,,,,,5,,,,,,,,,,,,,,,,5,3,4,3,5,3,5,3,3,3,0,3,4,,4,,,,,,,,,,,,,,,,,2,4,1,3,1,1,3,Italy
243,4,4,3,2,1,3,,3,,2,,2,,2,2,3,5,2,4,2,3,3,4,3,4,4,,4,,4,,4,,4,,4,,5,,4,4,,4,,5,,4,,4,,4,2,,1,,0,,5,,2,,2,,2,2,,,,,3,2,,,,,,,,,,5,,3,,5,,5,,5,,3,,5,,4,4,,2,,0,,3,,0,,2,,2,,3,,,,12,3,3,3,3,3,3,3,3,3,3,3,3,2,6,,5,3,2,5,Israel
244,3,3,3,3,2,1,1,2,2,4,2,1,1,3,3,2,5,3,5,3,5,3,5,3,4,5,3,3,,3,,5,,5,,4,,4,,5,4,2,4,2,4,3,4,,4,3,4,1,3,3,3,3,3,3,3,0,,0,,3,,1,,,,,2,,,,,,,,,,4,3,4,3,5,3,4,3,4,3,5,3,5,3,4,4,3,2,3,5,3,2,3,3,3,2,3,4,3,3,,,,9,4,3,3,4,3,4,4,4,3,3,3,4,2,6,,5,2,1,5,Israel
245,4,3,3,4,3,3,2,4,3,3,2,4,,4,2,3,2,2,3,2,4,3,4,2,3,4,3,5,3,4,2,3,3,1,3,4,3,5,3,4,4,2,4,2,4,2,4,3,4,3,4,4,3,3,3,3,3,4,2,4,3,,,4,2,,,,,,1,2,1,3,2,4,3,3,3,4,4,3,4,3,3,2,2,3,3,2,2,3,2,3,2,3,2,3,2,2,3,4,2,4,2,3,2,4,2,3,3,3,4,12,,,,,,,,,,,,,2,4,1,1,2,1,1,Italy
246,4,4,4,4,3,0,,5,3,4,3,0,,4,,,,,,,,,,,,5,3,5,3,5,3,4,3,5,3,4,3,5,3,5,0,,0,,0,,0,,0,,3,4,,3,3,0,,5,3,4,3,3,3,4,2,,,,,4,2,,,,,,,,,,5,2,3,3,5,3,4,3,4,2,5,3,4,3,4,5,3,5,3,5,3,4,3,5,3,4,3,5,3,5,2,3,3,4,5,5,3,5,2,1,2,4,3,4,3,3,2,6,,1,1,2,1,Israel
247,4,3,4,5,2,5,2,3,2,4,2,,,3,3,2,2,1,3,2,3,2,4,3,3,5,3,4,3,5,3,5,3,5,3,5,3,5,3,5,5,3,5,3,5,3,5,3,5,3,5,4,2,4,2,,,5,3,5,3,5,3,5,2,,,,,,1,,,5,3,5,3,,,5,5,3,5,3,5,3,5,3,4,2,5,3,5,3,4,0,,3,2,3,2,,,,,1,1,2,1,2,,,,11,,,,,,,,,,,,,2,4,1,5,2,1,5,Italy
248,1,1,1,3,3,1,3,3,3,3,3,,,2,1,3,1,3,1,3,1,3,1,3,1,1,3,4,3,1,3,4,3,1,3,1,3,4,3,2,4,3,3,3,3,3,1,3,2,3,2,1,3,1,3,0,,5,3,2,3,0,,2,2,,,,,,1,,,5,3,,,,,2,1,3,3,3,3,3,3,3,2,3,4,3,2,3,2,1,3,1,3,1,3,1,3,1,3,1,3,1,3,1,,,,10,4,5,5,5,5,5,5,5,5,5,5,,2,4,1,2,3,1,2,Italy
249,4,4,4,4,3,4,3,4,3,4,3,4,3,4,4,3,4,3,5,3,5,3,4,3,4,4,3,4,3,4,3,4,3,4,3,4,3,5,3,4,4,3,4,3,4,3,4,3,4,3,4,4,3,,3,,2,4,3,4,3,,,4,2,,,,,,1,4,2,4,3,4,2,,,4,4,3,4,3,2,3,4,,4,3,4,3,4,2,4,4,3,4,3,4,3,4,3,2,2,2,3,4,3,3,4,3,4,12,,,,,,,,,,,,,2,4,3,1,,5,1,Italy
250,4,5,5,4,,4,,4,,4,,4,,4,5,,4,,5,,5,,5,,5,5,,5,,5,,5,,5,,5,,5,,5,0,,0,,0,,0,,0,,,5,,0,,5,,5,,0,,0,,5,2,,,,,1,1,,,,,,,,,,4,,4,,4,,0,,3,,4,,4,,4,4,,3,,3,,3,,3,,3,,4,,3,,,,10,5,5,1,5,5,4,4,5,3,5,3,5,2,2,1,4,1,1,4,France
251,4,4,4,3,3,3,3,4,3,3,3,0,,3,3,3,4,2,3,2,3,2,3,2,3,4,3,4,3,4,,3,,,,4,3,5,2,4,0,,0,,0,,0,,0,,,3,,3,,3,,3,,3,,3,,3,2,,,,,3,1,3,,4,,,,,,3,4,2,4,3,3,3,0,,0,,3,1,3,2,3,4,3,3,3,0,,3,3,0,,3,3,3,3,3,,,,12,,,,,,,,,,,,,2,3,,1,3,1,1,Germany
252,4,5,5,4,3,4,3,4,3,4,3,0,,4,0,,0,,0,,0,,0,,,4,,4,,4,,3,,3,,4,,5,,4,0,,0,,0,,0,,0,,,4,3,4,3,0,,4,3,4,3,0,,4,1,1,4,3,4,4,1,3,3,4,3,,,3,2,3,4,2,3,3,3,3,0,,4,3,4,2,4,2,4,4,3,4,3,4,3,4,3,0,,4,3,4,3,4,,,,11,,,,,,,,,,,,,2,3,2,4,1,4,4,Germany
253,4,4,5,4,3,4,3,3,3,3,3,,,4,3,2,3,2,3,2,3,3,4,3,3,5,3,5,3,4,3,4,3,4,3,4,3,5,3,5,4,2,4,2,4,2,3,2,4,2,4,3,3,3,3,,,3,3,2,2,2,2,3,2,,,,,,1,4,3,4,3,5,3,3,1,4,2,3,2,3,4,3,2,3,3,3,5,3,5,3,3,4,3,4,3,4,3,3,2,2,2,3,2,4,3,4,,,,6,,,,4,3,3,2,4,3,4,3,4,2,4,4,3,1,5,3,Italy
254,4,4,3,4,3,3,3,4,3,3,3,0,,4,1,3,2,3,2,3,4,3,1,3,3,5,3,5,3,5,3,5,3,1,3,4,3,5,3,5,5,3,5,3,5,3,5,3,5,3,5,3,3,2,3,0,3,5,3,0,3,0,3,4,1,1,4,3,4,4,1,4,3,5,3,4,3,,3,4,5,2,5,2,5,2,0,2,0,2,0,2,,2,4,3,3,3,3,3,3,3,3,0,3,0,3,4,3,4,,,,2,5,5,5,5,5,2,2,5,4,5,5,,2,4,2,2,2,6,2,Italy
255,3,4,4,4,3,2,2,4,2,4,2,3,2,4,4,3,3,1,2,3,2,2,3,3,2,3,3,4,3,4,3,4,3,4,3,4,3,5,3,4,3,3,3,3,4,3,4,3,4,3,4,3,3,4,3,0,,4,3,2,3,3,2,3,2,,,,,,1,3,2,4,3,3,2,2,2,3,5,1,4,2,4,3,4,3,4,3,4,3,4,3,4,3,3,2,3,4,3,2,3,0,,1,3,3,3,2,1,3,3,11,,,,,,,,,,,,,2,5,1,1,2,1,1,UK
256,2,3,3,4,3,4,2,4,3,4,2,4,3,4,3,3,1,3,1,3,2,2,2,2,2,2,3,3,3,3,2,3,3,2,3,2,3,3,2,3,4,3,3,3,3,3,4,3,3,3,3,2,3,0,,0,,4,3,0,,0,,3,,,,,,,1,2,2,4,3,4,3,1,3,3,1,3,1,3,3,2,1,2,1,3,3,2,3,1,1,4,3,4,3,4,3,3,3,1,2,2,3,4,3,3,,,,,,,,,,,,,,,,,2,2,2,5,2,2,5,France
257,5,5,4,4,3,4,3,4,3,4,3,0,,4,0,,0,,0,,0,,0,,,4,3,5,3,5,3,4,3,2,3,4,3,5,3,4,0,,0,,0,,0,,0,,,4,3,4,3,0,,4,3,0,,4,3,4,1,1,4,3,,,1,3,3,4,3,,,,,3,0,,0,,0,,0,,0,,0,,0,,,0,,0,,0,,0,,0,,0,,0,,,,,,11,,,,,,,,,,,,,2,3,1,5,1,4,5,Germany
258,4,4,4,4,3,0,,4,3,4,3,0,,4,3,3,1,3,1,3,0,,0,,1,5,3,5,3,4,2,2,3,2,3,4,3,5,2,4,0,,0,,0,,0,,0,,,3,3,3,3,0,,4,3,3,3,0,,3,1,1,4,2,4,,1,3,2,4,3,,,3,2,3,4,1,3,3,3,3,0,,3,3,3,1,3,2,3,4,3,3,3,0,,3,3,0,,3,3,4,3,3,,,,11,,,,,,,,,,,,,2,3,1,5,2,1,5,Germany
259,5,5,5,4,3,4,3,4,3,4,3,0,,4,2,3,3,3,2,3,2,3,2,3,2,4,3,5,3,5,3,4,3,2,3,4,3,5,3,4,0,,0,,0,,0,,0,,,4,3,4,3,0,,4,3,0,,4,3,4,1,1,4,2,4,4,1,3,3,4,3,3,2,3,2,3,4,2,4,3,3,3,2,3,3,2,3,1,3,2,3,4,3,4,3,4,3,4,3,0,,4,3,5,3,4,,,,11,,,,,,,,,,,,,2,3,3,3,1,3,3,Germany
260,4,4,3,3,3,3,3,3,3,4,3,0,,3,4,3,3,3,3,3,2,3,2,3,2,4,3,5,3,5,2,3,3,2,3,3,3,5,2,4,4,3,4,3,3,3,5,3,0,,4,3,3,3,3,0,,4,3,3,3,0,,3,1,1,4,3,4,4,1,3,3,3,3,,,3,2,3,4,3,2,3,2,3,2,3,3,3,3,3,3,3,2,4,3,2,3,0,,3,3,0,,2,3,3,3,3,,,,4,4,4,4,4,5,5,4,4,4,5,3,4,2,3,2,4,3,3,4,Germany
261,3,4,4,4,3,3,2,3,3,4,3,0,,4,4,3,3,2,4,3,4,3,3,2,4,4,3,4,3,3,2,4,3,3,3,3,3,5,2,4,0,,0,,0,,0,,0,,,3,2,3,2,0,,4,3,2,3,2,3,3,1,1,3,2,2,2,2,,,,,,,,,,4,2,3,3,2,3,3,3,2,3,4,3,2,3,2,3,2,2,3,2,3,3,3,0,,2,3,4,3,3,,,,9,4,4,3,,,,,,,,,,2,5,3,3,1,1,3,UK
262,4,3,3,4,3,3,3,4,3,5,3,0,,4,3,3,2,2,2,2,2,3,2,3,2,1,3,4,3,5,3,5,3,2,3,4,3,4,3,3,4,3,2,2,4,3,0,,5,3,4,4,2,4,3,0,,5,3,5,2,4,2,4,2,,,,,,1,3,2,4,3,3,2,3,2,3,4,2,4,3,4,3,3,3,4,3,4,3,4,3,4,2,3,2,3,1,3,1,3,2,2,2,3,3,3,2,,,,,,,,,,,,,,,,,2,5,1,5,2,1,5,UK
263,5,5,5,3,3,4,3,4,3,3,3,4,3,5,4,3,5,3,5,3,4,3,5,3,5,5,3,5,3,5,3,5,3,5,3,5,3,5,3,5,5,3,5,3,5,3,5,3,0,,5,2,3,0,3,0,,3,3,1,3,1,3,4,2,,,,,,1,3,3,,,,,3,3,3,5,,5,,5,,0,,0,,0,,0,,5,3,3,3,3,5,3,0,,0,,1,3,3,3,3,5,3,5,5,4,5,1,5,5,5,3,4,5,2,1,,2,6,,1,3,1,1,Israel
264,3,4,4,4,3,2,3,5,3,4,3,4,3,3,5,3,3,3,5,3,3,3,3,3,4,2,3,5,3,3,3,4,3,2,3,1,3,5,3,3,4,3,4,3,4,3,4,3,4,3,4,3,2,,1,4,3,5,3,4,,,,3,2,,,,,3,1,2,1,2,1,4,3,1,1,2,5,3,4,3,4,3,4,3,4,3,4,3,5,3,4,5,3,3,3,4,3,3,3,,,2,3,4,3,3,4,3,4,4,5,4,3,4,4,4,3,3,3,3,3,,2,6,,1,2,2,1,Israel
265,5,5,5,5,3,4,3,4,3,5,3,,,5,5,3,5,3,5,3,5,3,5,3,5,5,3,5,3,5,3,5,3,5,3,5,3,5,3,5,5,3,5,3,5,3,5,3,5,3,5,5,3,5,3,0,,3,2,4,3,4,3,5,2,,,,,5,1,5,3,5,3,5,3,5,3,5,5,3,5,3,3,2,5,3,3,2,5,3,3,2,4,5,3,5,3,3,2,5,3,5,3,2,1,4,3,3,,,,7,5,5,5,5,5,3,5,5,5,5,5,5,2,4,1,3,2,1,3,Italy
266,4,5,3,4,3,5,2,4,2,3,3,0,,4,4,3,4,1,5,2,5,3,5,3,5,4,3,3,3,4,2,4,3,4,3,3,3,4,3,4,5,2,4,1,0,,0,,0,,3,4,1,0,,0,,4,2,4,2,4,2,4,1,2,4,2,4,5,1,4,2,5,3,4,2,4,2,4,4,2,4,2,4,2,4,2,4,2,4,2,4,2,4,4,2,2,2,4,2,2,2,2,2,2,2,3,3,3,,,,10,5,5,5,5,4,4,3,3,3,3,4,4,2,5,1,5,2,1,5,UK
